Date,Adj Close,Close,High,Low,Open,Volume
2021-08-02,6782.81591796875,7076.9501953125,7107.4501953125,7031.0,7100.0,433760
2021-08-03,6900.1767578125,7199.39990234375,7221.0,7086.10009765625,7124.9501953125,470570
2021-08-04,6807.6865234375,7102.89990234375,7248.60009765625,7003.5,7220.0,484122
2021-08-05,6778.41259765625,7027.5498046875,7079.9501953125,7006.0,7072.0,495133
2021-08-06,6849.06640625,7100.7998046875,7168.5,7042.5498046875,7054.7998046875,517575
2021-08-09,6830.69189453125,7081.75,7165.0,7038.0,7135.0,264983
2021-08-10,6753.720703125,7001.9501953125,7104.89990234375,6995.0,7045.2001953125,356726
2021-08-11,6772.57763671875,7021.5,7095.0,6925.14990234375,7002.0,414311
2021-08-12,6763.4140625,7012.0,7084.7998046875,6985.0,7022.0,330283
2021-08-13,6753.9619140625,7002.2001953125,7049.89990234375,6973.85009765625,7030.0,431784
2021-08-16,6584.82861328125,6826.85009765625,7018.0,6810.0,6982.5,750966
2021-08-17,6641.30224609375,6885.39990234375,6943.0,6746.39990234375,6800.0,752517
2021-08-18,6597.6083984375,6840.10009765625,6943.75,6820.0,6943.75,434144
2021-08-20,6608.025390625,6850.89990234375,6914.64990234375,6780.0,6815.0,657982
2021-08-23,6583.91162109375,6825.89990234375,6918.0,6801.0,6905.0,537302
2021-08-24,6562.0166015625,6803.2001953125,6852.0,6740.60009765625,6789.5,646993
2021-08-25,6473.51904296875,6711.4501953125,6838.0,6700.0,6838.0,722194
2021-08-26,6374.3154296875,6608.60009765625,6701.35009765625,6591.0,6700.0,1199429
2021-08-27,6389.98974609375,6624.85009765625,6694.60009765625,6600.0,6629.75,1428388
2021-08-30,6555.939453125,6796.89990234375,6810.0,6653.85009765625,6690.0,819447
2021-08-31,6603.3955078125,6846.10009765625,6872.0,6763.5498046875,6820.0,938326
2021-09-01,6544.365234375,6784.89990234375,6820.0,6702.35009765625,6799.9501953125,1108476
2021-09-02,6552.08154296875,6792.89990234375,6858.9501953125,6708.2001953125,6852.7001953125,741052
2021-09-03,6619.79296875,6863.10009765625,6958.0,6751.60009765625,6770.0,1196077
2021-09-06,6604.16748046875,6846.89990234375,6954.0,6838.0,6925.0,897444
2021-09-07,6633.34423828125,6877.14990234375,6929.89990234375,6853.7001953125,6879.89990234375,743783
2021-09-08,6540.8447265625,6781.25,6858.35009765625,6756.0,6852.10009765625,847767
2021-09-09,6561.10009765625,6802.25,6818.4501953125,6740.0,6750.0,515702
2021-09-13,6630.017578125,6873.7001953125,6895.4501953125,6813.2998046875,6835.5,508397
2021-09-14,6650.03173828125,6894.4501953125,6955.0,6851.10009765625,6910.0,817280
2021-09-15,6664.06591796875,6909.0,6938.0,6880.0,6938.0,310138
2021-09-16,6685.23828125,6930.9501953125,6949.0,6870.0,6913.2998046875,556648
2021-09-17,6765.77783203125,7014.4501953125,7064.75,6950.0,6955.0,980793
2021-09-20,6703.998046875,6950.39990234375,7015.4501953125,6906.2001953125,6979.89990234375,550405
2021-09-21,6536.7451171875,6777.0,6939.7001953125,6741.0,6912.5,1085249
2021-09-22,6588.8310546875,6831.0,6846.0,6785.0,6820.0,548623
2021-09-23,6603.974609375,6846.7001953125,6879.89990234375,6821.0,6868.0,432740
2021-09-24,6705.78271484375,6952.25,7037.7998046875,6848.0,6850.0,1649962
2021-09-27,7140.98681640625,7403.4501953125,7448.0,6974.0,6974.0,2646138
2021-09-28,7160.6640625,7423.85009765625,7521.5498046875,7333.5,7448.0,1346961
2021-09-29,7122.27490234375,7384.0498046875,7465.0,7291.0,7390.5,643556
2021-09-30,7077.9052734375,7338.0498046875,7408.0498046875,7301.0498046875,7384.75,625717
2021-10-01,6908.3857421875,7162.2998046875,7220.0,7090.0,7220.0,901588
2021-10-04,6916.10205078125,7170.2998046875,7214.9501953125,7131.7998046875,7180.0,466994
2021-10-05,7000.9345703125,7258.25,7300.0,7155.64990234375,7164.7998046875,546004
2021-10-06,6944.02587890625,7199.25,7281.5,7164.25,7270.89990234375,726695
2021-10-07,7226.87939453125,7492.5,7555.0,7225.25,7234.9501953125,1646727
2021-10-08,7166.595703125,7430.0,7571.9501953125,7401.14990234375,7548.7001953125,630622
2021-10-11,7427.79541015625,7700.7998046875,7814.7998046875,7419.7998046875,7420.2001953125,1069536
2021-10-12,7421.04345703125,7693.7998046875,7750.0,7630.0498046875,7687.89990234375,406814
2021-10-13,7216.89697265625,7482.14990234375,7749.9501953125,7436.5498046875,7740.0,1084436
2021-10-14,7231.1240234375,7496.89990234375,7560.0,7445.0,7540.0,831546
2021-10-18,7385.54833984375,7657.0,7705.2998046875,7405.0,7405.0,913963
2021-10-19,7384.24609375,7655.64990234375,7768.60009765625,7585.0,7670.2001953125,658869
2021-10-20,7321.64697265625,7590.75,7667.35009765625,7515.0,7615.0,488082
2021-10-21,7306.6962890625,7575.25,7650.0,7485.0,7650.0,563128
2021-10-22,7146.2431640625,7408.89990234375,7625.0,7386.5498046875,7600.0,224520
2021-10-25,7003.20166015625,7260.60009765625,7396.0498046875,7219.64990234375,7355.0,248058
2021-10-26,7038.64794921875,7297.35009765625,7337.9501953125,7210.2001953125,7265.0,292203
2021-10-27,7095.4599609375,7356.25,7461.25,7244.0,7285.0,1218064
2021-10-28,7108.43359375,7369.7001953125,7529.7001953125,7235.0498046875,7250.0,961511
2021-10-29,7217.1376953125,7482.39990234375,7550.0,7294.85009765625,7350.0,819875
2021-11-01,7345.5673828125,7615.5498046875,7666.0,7401.0,7401.0,1005690
2021-11-02,7515.52099609375,7791.75,7910.0,7630.7998046875,7647.9501953125,1302733
2021-11-03,7460.0595703125,7734.25,7842.25,7711.60009765625,7791.75,656492
2021-11-04,7472.74365234375,7747.39990234375,7819.9501953125,7735.5,7774.7001953125,53365
2021-11-08,7412.169921875,7684.60009765625,7882.60009765625,7672.0,7759.9501953125,428433
2021-11-09,7308.91455078125,7577.5498046875,7764.5,7538.7001953125,7709.0,632879
2021-11-10,7245.35107421875,7511.64990234375,7580.0,7460.0,7570.0,562432
2021-11-11,7189.21484375,7453.4501953125,7567.5,7442.0,7512.0,486991
2021-11-12,7214.6787109375,7479.85009765625,7544.0,7442.0,7530.0,349666
2021-11-15,7237.10400390625,7503.10009765625,7579.85009765625,7452.0,7452.0,314414
2021-11-16,7764.953125,8050.35009765625,8128.75,7535.0498046875,7545.0,2619355
2021-11-17,7981.39794921875,8274.75,8350.0,8015.0498046875,8035.0,2377268
2021-11-18,7829.38525390625,8117.14990234375,8368.0,8001.10009765625,8234.0,1337493
2021-11-22,7585.59521484375,7864.39990234375,8187.85009765625,7806.5498046875,8158.0,672298
2021-11-23,7575.56396484375,7854.0,7953.9501953125,7805.0,7849.10009765625,567198
2021-11-24,7397.55712890625,7669.4501953125,7897.9501953125,7636.60009765625,7865.5,571078
2021-11-25,7304.0439453125,7572.5,7719.39990234375,7435.0,7640.0,1007618
2021-11-26,6916.294921875,7170.5,7520.0,7130.0,7520.0,1154876
2021-11-29,6896.03955078125,7149.5,7210.0,6990.7001953125,7166.0,733010
2021-11-30,6817.236328125,7067.7998046875,7250.0,7015.5498046875,7149.5,1287938
2021-12-01,7015.40283203125,7273.25,7380.0,7130.0498046875,7191.0,1669583
2021-12-02,7065.26953125,7324.9501953125,7355.4501953125,7245.64990234375,7285.0,618573
2021-12-03,6953.14111328125,7208.7001953125,7329.0,7148.75,7305.0,603798
2021-12-06,6793.1708984375,7042.85009765625,7200.0,7021.0,7193.0,609507
2021-12-07,6931.82421875,7186.60009765625,7261.7998046875,7091.2001953125,7129.0,637151
2021-12-08,7171.3212890625,7434.89990234375,7497.85009765625,7151.10009765625,7225.0,930339
2021-12-09,7158.63818359375,7421.75,7469.0,7325.0,7469.0,615037
2021-12-10,7162.39990234375,7425.64990234375,7475.0,7357.9501953125,7380.0,431682
2021-12-13,7249.93212890625,7516.39990234375,7575.89990234375,7425.0,7485.0,883009
2021-12-14,7227.5068359375,7493.14990234375,7556.2998046875,7457.7998046875,7516.7998046875,749704
2021-12-15,7299.6552734375,7567.9501953125,7640.0,7453.0498046875,7476.0,529018
2021-12-16,7186.65771484375,7450.7998046875,7621.0,7406.0,7591.5,595582
2021-12-17,7037.9248046875,7296.60009765625,7480.0,7241.0,7480.0,1081907
2021-12-20,7028.27880859375,7286.60009765625,7321.5498046875,7035.85009765625,7200.0,867425
2021-12-21,7055.81689453125,7315.14990234375,7404.9501953125,7284.0,7306.5,415744
2021-12-22,7160.56689453125,7423.75,7454.0,7305.5,7305.5,368978
2021-12-23,7125.2646484375,7387.14990234375,7500.0,7355.0,7481.0,249919
2021-12-24,7057.69775390625,7317.10009765625,7449.85009765625,7252.14990234375,7441.0,357447
2021-12-27,7031.07666015625,7289.5,7330.0,7186.2001953125,7277.10009765625,190180
2021-12-28,7038.7451171875,7297.4501953125,7359.0,7255.10009765625,7320.0,214533
2021-12-29,7089.47998046875,7350.0498046875,7365.0,7240.4501953125,7297.7001953125,287776
2021-12-30,7024.083984375,7282.25,7395.14990234375,7255.39990234375,7350.0,296041
2021-12-31,7163.171875,7426.4501953125,7449.5,7290.0498046875,7290.0498046875,313398
2022-01-03,7257.16650390625,7523.89990234375,7605.9501953125,7420.0,7420.0,456599
2022-01-04,7359.60205078125,7630.10009765625,7649.0,7520.0,7600.0,495182
2022-01-05,7499.70263671875,7775.35009765625,7808.0,7605.60009765625,7624.85009765625,710043
2022-01-06,7602.66796875,7882.10009765625,7899.4501953125,7683.9501953125,7782.0,739981
2022-01-07,7625.720703125,7906.0,7944.7998046875,7835.5,7882.10009765625,523116
2022-01-10,7837.53564453125,8125.60009765625,8232.0,7924.14990234375,7950.0,827930
2022-01-11,7855.138671875,8143.85009765625,8162.4501953125,8069.2998046875,8100.0,688923
2022-01-12,7881.0849609375,8170.75,8200.0,8115.0,8200.0,288174
2022-01-13,7790.70703125,8077.0498046875,8260.0,7952.0,8175.0,684931
2022-01-14,7797.603515625,8084.2001953125,8145.0,7951.0,7951.0,299536
2022-01-17,7972.4755859375,8265.5,8368.900390625,8100.10009765625,8124.7998046875,862249
2022-01-18,7634.5458984375,7915.14990234375,8248.9501953125,7891.5,8248.9501953125,785199
2022-01-19,7731.53173828125,8015.7001953125,8060.0,7860.0,7929.0,681632
2022-01-20,7751.44970703125,8036.35009765625,8140.0,7997.5498046875,8000.0,522850
2022-01-21,7899.26708984375,8189.60009765625,8244.0,7856.0498046875,7970.0,1041476
2022-01-24,7766.83349609375,8052.2998046875,8332.7998046875,7952.7998046875,8189.0,1153538
2022-01-25,8297.6259765625,8602.599609375,8664.0,7887.89990234375,7990.0,2162832
2022-01-27,8507.5107421875,8820.2001953125,8971.650390625,8400.0498046875,8656.0,2899559
2022-01-28,8247.806640625,8550.9501953125,8930.0,8522.349609375,8795.0,1045088
2022-01-31,8292.5126953125,8597.2998046875,8720.0,8552.7998046875,8625.0,561419
2022-02-01,8255.9580078125,8559.400390625,8790.7998046875,8351.0,8693.0,819689
2022-02-02,8213.373046875,8515.25,8683.0,8440.25,8579.7001953125,580433
2022-02-03,8288.9931640625,8593.650390625,8798.0,8522.7001953125,8550.0,810019
2022-02-04,8247.419921875,8550.5498046875,8680.0,8492.099609375,8639.900390625,404421
2022-02-07,8209.900390625,8511.650390625,8615.0,8400.0,8545.0,446099
2022-02-08,8294.5869140625,8599.4501953125,8789.099609375,8436.0498046875,8616.7001953125,998182
2022-02-09,8632.1787109375,8949.4501953125,8989.7998046875,8622.0,8622.0,1403525
2022-02-10,8493.2841796875,8805.4501953125,9050.0,8789.900390625,9050.0,811887
2022-02-11,8427.40625,8737.150390625,8865.0,8673.2998046875,8738.0,671572
2022-02-14,8069.798828125,8366.400390625,8615.0498046875,8325.0,8500.0,995540
2022-02-15,8317.013671875,8622.7001953125,8664.25,8356.5,8410.0,682766
2022-02-16,8278.6708984375,8582.9501953125,8736.400390625,8544.0,8720.0,422704
2022-02-17,8249.25390625,8552.4501953125,8658.2998046875,8525.0,8575.0,305313
2022-02-18,8265.3115234375,8569.099609375,8645.9501953125,8520.0498046875,8550.0,385273
2022-02-21,8307.3671875,8612.7001953125,8724.25,8443.599609375,8544.0498046875,626049
2022-02-22,8317.109375,8622.7998046875,8659.7998046875,8384.849609375,8495.0,620828
2022-02-23,8390.4638671875,8698.849609375,8789.9501953125,8655.2001953125,8690.0,557954
2022-02-24,7919.08837890625,8210.150390625,8587.25,8155.0,8402.0,947351
2022-02-25,8059.86376953125,8356.099609375,8466.0,8209.5498046875,8260.0,1344343
2022-02-28,8019.40234375,8314.150390625,8339.9501953125,8114.10009765625,8300.0,961303
2022-03-02,7537.17529296875,7814.2001953125,8199.0,7764.0,8197.7001953125,1783011
2022-03-03,7326.27685546875,7595.5498046875,7939.9501953125,7558.5,7924.0,1050154
2022-03-04,6990.3720703125,7247.2998046875,7519.2001953125,7130.0,7482.0,2511658
2022-03-07,6529.07666015625,6769.0498046875,7029.85009765625,6730.0,6992.0,2469925
2022-03-08,6565.0068359375,6806.2998046875,6855.0,6536.5498046875,6705.0,2840376
2022-03-09,6777.73828125,7026.85009765625,7078.10009765625,6777.0,6874.0,1827539
2022-03-10,6956.130859375,7211.7998046875,7399.85009765625,7177.2998046875,7255.0,1535070
2022-03-11,6850.75439453125,7102.5498046875,7200.0,7080.0,7200.0,1024452
2022-03-14,7057.3603515625,7316.75,7335.0,7012.0,7050.0,1023874
2022-03-15,7157.046875,7420.10009765625,7620.0,7318.0,7321.0,1586111
2022-03-16,7220.4169921875,7485.7998046875,7595.75,7440.0,7570.0,584457
2022-03-17,7420.27197265625,7693.0,7741.9501953125,7530.0,7574.0,1133271
2022-03-21,7432.37646484375,7705.5498046875,7940.0,7650.0,7844.0,1354525
2022-03-22,7491.310546875,7766.64990234375,7809.0,7536.64990234375,7714.9501953125,1093502
2022-03-23,7373.8291015625,7644.85009765625,7862.7998046875,7611.0,7800.0,808597
2022-03-24,7289.04541015625,7556.9501953125,7655.0,7526.35009765625,7599.2998046875,565485
2022-03-25,7152.5615234375,7415.4501953125,7542.2998046875,7385.0,7515.0,686637
2022-03-28,7212.26708984375,7477.35009765625,7539.0,7413.0,7425.0,599515
2022-03-29,7175.4208984375,7439.14990234375,7563.10009765625,7401.0,7535.0,446257
2022-03-30,7329.21826171875,7598.60009765625,7629.9501953125,7490.0,7521.0,589206
2022-03-31,7293.24072265625,7561.2998046875,7652.75,7528.0,7598.5498046875,434317
2022-04-01,7427.07177734375,7700.0498046875,7729.0,7517.35009765625,7574.0,449386
2022-04-04,7499.171875,7774.7998046875,7794.0,7631.64990234375,7650.0,491029
2022-04-05,7486.68115234375,7761.85009765625,7900.0,7730.0,7781.0,488132
2022-04-06,7469.6572265625,7744.2001953125,7849.0,7675.0,7739.0,393628
2022-04-07,7369.63330078125,7640.5,7748.0,7621.0498046875,7659.75,458566
2022-04-08,7290.009765625,7557.9501953125,7730.5,7515.39990234375,7708.7998046875,849846
2022-04-11,7297.1953125,7565.39990234375,7616.5498046875,7485.0,7614.85009765625,496254
2022-04-12,7348.2685546875,7618.35009765625,7711.5,7500.0,7540.0,598047
2022-04-13,7204.6953125,7469.5,7704.9501953125,7440.0,7618.35009765625,527991
2022-04-18,7305.00830078125,7573.5,7599.0,7355.0,7374.5,551783
2022-04-19,7171.51513671875,7435.10009765625,7678.0,7350.0,7580.0,425990
2022-04-20,7394.90380859375,7666.7001953125,7699.0,7472.60009765625,7499.0,542622
2022-04-21,7599.87109375,7879.2001953125,7899.7998046875,7686.0498046875,7709.7998046875,772708
2022-04-22,7624.27392578125,7904.5,8016.64990234375,7731.0,7789.0,960818
2022-04-25,7631.845703125,7912.35009765625,7998.0,7810.0,7810.0,701521
2022-04-26,7626.44384765625,7906.75,8067.5,7830.0,8000.0,801963
2022-04-27,7512.2900390625,7788.39990234375,7865.0,7720.0,7851.0,570519
2022-04-28,7608.5029296875,7888.14990234375,7940.0,7766.7001953125,7844.0,561932
2022-04-29,7444.19287109375,7717.7998046875,7946.5,7626.0,7918.0,1162749
2022-05-02,7364.0869140625,7634.75,7750.0,7544.2998046875,7665.0,544053
2022-05-04,7135.63330078125,7397.89990234375,7747.0,7356.5,7650.0,599211
2022-05-05,7145.0380859375,7407.64990234375,7538.0,7380.14990234375,7450.0,524174
2022-05-06,7021.18994140625,7279.25,7359.89990234375,7156.64990234375,7314.0,650559
2022-05-09,7099.3662109375,7360.2998046875,7424.5,7130.0,7201.5,570578
2022-05-10,7249.4501953125,7515.89990234375,7575.0,7350.14990234375,7350.14990234375,663616
2022-05-11,7134.2353515625,7396.4501953125,7559.5498046875,7346.60009765625,7519.0,605312
2022-05-12,6996.49755859375,7253.64990234375,7323.9501953125,7210.7998046875,7221.5,571754
2022-05-13,6850.17578125,7101.9501953125,7340.0,7062.35009765625,7340.0,703097
2022-05-16,6990.662109375,7247.60009765625,7305.35009765625,7150.0,7157.0,369545
2022-05-17,7265.7509765625,7532.7998046875,7584.64990234375,7255.0498046875,7280.0,811448
2022-05-18,7298.30419921875,7566.5498046875,7640.14990234375,7509.60009765625,7566.0,576970
2022-05-19,7142.0478515625,7404.5498046875,7525.0,7385.0498046875,7450.0,363255
2022-05-20,7317.64404296875,7586.60009765625,7648.89990234375,7450.0,7520.5498046875,742204
2022-05-23,7617.4736328125,7897.4501953125,7954.85009765625,7776.10009765625,7800.10009765625,1161175
2022-05-24,7526.0341796875,7802.64990234375,7941.9501953125,7791.2998046875,7919.0,581609
2022-05-25,7511.1806640625,7787.25,7859.5,7696.0498046875,7840.0,454335
2022-05-26,7528.3017578125,7805.0,7839.9501953125,7620.0,7800.0,476799
2022-05-27,7661.36083984375,7942.9501953125,7965.89990234375,7833.0,7925.0,431411
2022-05-30,7729.7958984375,8013.89990234375,8060.0,7951.0,7980.2001953125,389517
2022-05-31,7683.93115234375,7966.35009765625,8100.0,7900.0,8013.89990234375,2494005
2022-06-01,7657.9365234375,7939.39990234375,8068.89990234375,7880.10009765625,7975.0498046875,522004
2022-06-02,7644.4326171875,7925.39990234375,7972.0,7855.60009765625,7925.0,352848
2022-06-03,7431.89453125,7705.0498046875,7995.0,7681.0,7950.0,591905
2022-06-06,7437.19970703125,7710.5498046875,7776.89990234375,7591.4501953125,7690.0,606990
2022-06-07,7532.54541015625,7809.39990234375,7820.0,7555.0,7615.0498046875,991192
2022-06-08,7612.6513671875,7892.4501953125,7921.0,7720.7001953125,7824.0,813596
2022-06-09,7648.72509765625,7929.85009765625,8010.0,7830.10009765625,7848.0,687937
2022-06-10,7653.78955078125,7935.10009765625,7988.2001953125,7826.0,7826.0,442921
2022-06-13,7621.4765625,7901.60009765625,7967.35009765625,7793.75,7849.9501953125,565826
2022-06-14,7534.71533203125,7811.64990234375,7901.39990234375,7750.0,7805.0,553462
2022-06-15,7575.03369140625,7853.4501953125,7929.0,7816.0,7816.0,604566
2022-06-16,7555.88720703125,7833.60009765625,8025.0,7805.0,7938.0,1319566
2022-06-17,7415.59423828125,7688.14990234375,7849.7001953125,7646.14990234375,7805.0,1317656
2022-06-20,7389.35791015625,7660.9501953125,7784.10009765625,7626.0,7699.7998046875,1043423
2022-06-21,7504.7666015625,7780.60009765625,7840.0,7625.14990234375,7714.9501953125,954884
2022-06-22,7506.83984375,7782.75,7869.0,7716.60009765625,7750.0,796824
2022-06-23,7977.78125,8271.0,8317.7998046875,7803.0,7810.0,1676430
2022-06-24,8066.712890625,8363.2001953125,8390.0,8238.2998046875,8310.0,1156788
2022-06-27,8149.2294921875,8448.75,8546.7001953125,8391.25,8444.0,921090
2022-06-28,8188.728515625,8489.7001953125,8539.900390625,8381.0498046875,8415.25,691242
2022-06-29,8207.2470703125,8508.900390625,8530.0,8370.0,8389.9501953125,655413
2022-06-30,8170.4501953125,8470.75,8634.599609375,8435.599609375,8500.0,1130302
2022-07-01,8104.71435546875,8402.599609375,8450.0,8305.599609375,8440.0,530569
2022-07-04,8144.0205078125,8443.349609375,8467.599609375,8320.0,8402.599609375,625431
2022-07-05,8052.7265625,8348.7001953125,8508.5498046875,8335.0,8498.5,610290
2022-07-06,8324.1015625,8630.0498046875,8652.4501953125,8370.0,8377.0,976098
2022-07-07,8301.291015625,8606.400390625,8700.0,8576.2001953125,8695.0,547662
2022-07-08,8175.4658203125,8475.9501953125,8656.9501953125,8445.0,8620.0,686327
2022-07-11,8206.041015625,8507.650390625,8525.0,8416.099609375,8451.7001953125,536114
2022-07-12,8121.208984375,8419.7001953125,8497.4501953125,8376.25,8495.0,424358
2022-07-13,8140.98291015625,8440.2001953125,8488.150390625,8381.0,8454.0,413855
2022-07-14,8264.0107421875,8567.75,8587.349609375,8450.0,8464.9501953125,606496
2022-07-15,8466.85546875,8778.0498046875,8799.0,8576.2001953125,8596.0,631246
2022-07-18,8396.201171875,8704.7998046875,8843.0,8684.0,8802.0,478682
2022-07-19,8406.859375,8715.849609375,8798.900390625,8667.4501953125,8699.9501953125,478458
2022-07-20,8438.8818359375,8749.0498046875,8865.4501953125,8720.2001953125,8775.5,398132
2022-07-21,8485.1328125,8797.0,8831.900390625,8722.0498046875,8793.0,421090
2022-07-22,8517.8798828125,8830.9501953125,8889.0,8791.0,8850.0,415294
2022-07-25,8315.951171875,8621.599609375,8858.599609375,8490.0,8828.5,623462
2022-07-26,8223.595703125,8525.849609375,8625.400390625,8471.349609375,8622.0,429454
2022-07-27,8351.15625,8658.099609375,8707.4501953125,8460.0,8555.5498046875,1298855
2022-07-28,8411.875,8721.0498046875,8770.150390625,8628.7998046875,8700.0,725196
2022-07-29,8462.5146484375,8773.5498046875,8943.0,8730.0,8764.7001953125,821432
2022-08-01,8684.2158203125,9003.400390625,9085.0,8822.599609375,8850.0,1009408
2022-08-02,8847.8515625,9173.0498046875,9196.849609375,8954.0,8985.0,848311
2022-08-03,8698.7216796875,8959.4501953125,9144.75,8855.599609375,9144.75,753729
2022-08-04,8705.7607421875,8966.7001953125,9048.0,8830.0,9024.0,643264
2022-08-05,8583.9130859375,8841.2001953125,8985.2001953125,8810.0,8966.7998046875,558385
2022-08-08,8662.3134765625,8921.9501953125,8998.0,8841.0,8841.2001953125,520993
2022-08-10,8621.29296875,8879.7001953125,8999.5,8826.0,8938.599609375,445375
2022-08-11,8557.3583984375,8813.849609375,8998.0,8724.0,8955.7001953125,508318
2022-08-12,8446.044921875,8699.2001953125,8815.0,8675.0,8815.0,712782
2022-08-16,8741.68359375,9003.7001953125,9040.0,8705.0498046875,8737.150390625,963726
2022-08-17,8684.060546875,8944.349609375,9070.0,8920.0,9010.0,623749
2022-08-18,8687.3134765625,8947.7001953125,9012.400390625,8877.0,8925.0,442229
2022-08-19,8523.474609375,8778.9501953125,8968.0,8715.0,8955.4501953125,572597
2022-08-22,8376.9169921875,8628.0,8767.4501953125,8602.2001953125,8751.0,488485
2022-08-23,8466.724609375,8720.5,8757.0,8564.0,8607.0,558231
2022-08-24,8450.705078125,8704.0,8772.0,8594.0,8660.0,442582
2022-08-25,8481.677734375,8735.900390625,8835.0,8680.0,8721.0,525721
2022-08-26,8466.822265625,8720.599609375,8832.75,8706.2001953125,8800.0,398063
2022-08-29,8577.1171875,8834.2001953125,8859.900390625,8590.0,8602.599609375,459057
2022-08-30,8817.9482421875,9082.25,9164.0,8870.0,8884.7998046875,1016312
2022-09-01,8761.87890625,9024.5,9233.650390625,8941.0,8949.9501953125,888864
2022-09-02,8660.03125,8919.599609375,9149.900390625,8902.099609375,9026.5,632909
2022-09-05,8689.5947265625,8950.0498046875,9016.7998046875,8875.0,8900.0,386455
2022-09-06,8630.0791015625,8888.75,9022.75,8870.0,8984.2998046875,397902
2022-09-07,8529.251953125,8784.900390625,8873.5498046875,8760.0,8864.0,496785
2022-09-08,8534.8349609375,8790.650390625,8885.099609375,8780.0,8829.0,428924
2022-09-09,8685.6630859375,8946.0,8989.0,8730.0,8834.650390625,632296
2022-09-12,8667.84765625,8927.650390625,9012.2998046875,8904.0,8969.900390625,383641
2022-09-13,8666.7314453125,8926.5,8989.0498046875,8910.900390625,8972.2998046875,405093
2022-09-14,8706.24609375,8967.2001953125,9000.0,8825.7001953125,8859.849609375,509547
2022-09-15,8941.7373046875,9209.75,9325.0,9030.0,9030.0498046875,1392132
2022-09-16,8922.22265625,9189.650390625,9315.900390625,9020.0498046875,9209.5,1056382
2022-09-19,9010.767578125,9280.849609375,9343.4501953125,9070.0,9175.2998046875,727024
2022-09-20,9030.1865234375,9300.849609375,9430.0,9250.0,9339.0,747257
2022-09-21,8978.7783203125,9247.900390625,9398.0,9211.4501953125,9300.0,440725
2022-09-22,9128.2470703125,9401.849609375,9435.0,9186.0,9199.0,511112
2022-09-23,9071.5478515625,9343.4501953125,9451.0,9277.349609375,9397.9501953125,574213
2022-09-26,8577.8447265625,8834.9501953125,9270.2998046875,8800.0,9270.2998046875,865432
2022-09-27,8518.716796875,8774.0498046875,8908.9501953125,8670.5,8890.0,686285
2022-09-28,8472.7939453125,8726.75,8850.0,8660.0498046875,8720.0,663740
2022-09-29,8373.8583984375,8624.849609375,8800.0,8604.099609375,8770.400390625,817007
2022-09-30,8571.2431640625,8828.150390625,8872.0,8558.2001953125,8668.0,658982
2022-10-03,8298.275390625,8547.0,8970.0,8510.0,8970.0,1123076
2022-10-04,8437.59765625,8690.5,8758.5498046875,8630.0,8699.0,503140
2022-10-06,8449.734375,8703.0,8825.0,8690.5,8734.0,474445
2022-10-07,8523.6201171875,8779.099609375,8845.599609375,8711.0,8750.0,428616
2022-10-10,8604.49609375,8862.400390625,8876.4501953125,8658.0,8675.0,411218
2022-10-11,8431.43359375,8684.150390625,8850.0,8665.0,8811.0,422610
2022-10-12,8433.8115234375,8686.599609375,8720.0,8590.599609375,8698.0,380365
2022-10-13,8397.83984375,8649.5498046875,8785.4501953125,8592.0,8665.0,355605
2022-10-14,8366.529296875,8617.2998046875,8766.599609375,8606.2998046875,8760.0,274160
2022-10-17,8469.9287109375,8723.7998046875,8749.7001953125,8567.0498046875,8610.0,304671
2022-10-18,8551.0478515625,8807.349609375,8888.25,8752.0498046875,8765.0498046875,369973
2022-10-19,8465.6083984375,8719.349609375,8855.0,8695.0,8851.400390625,385416
2022-10-20,8454.0068359375,8707.400390625,8739.2001953125,8611.0,8700.0,328270
2022-10-21,8450.0263671875,8703.2998046875,8794.0,8641.0,8730.0,356203
2022-10-24,8510.3671875,8765.4501953125,8788.7998046875,8745.849609375,8788.7998046875,30052
2022-10-25,8742.9462890625,9005.0,9017.0,8797.400390625,8820.0,727441
2022-10-27,8778.8212890625,9041.9501953125,9076.9501953125,8902.0,9050.0,849108
2022-10-28,9216.3076171875,9492.5498046875,9549.9501953125,9051.0,9095.0,1873029
2022-10-31,9250.337890625,9527.599609375,9769.0,9451.099609375,9650.0,1932020
2022-11-01,9179.4619140625,9454.599609375,9636.900390625,9375.0,9635.0,805517
2022-11-02,8960.81640625,9229.400390625,9454.599609375,9210.0,9445.0,788679
2022-11-03,8970.2333984375,9239.099609375,9310.0,9164.400390625,9210.0,616860
2022-11-04,8960.9130859375,9229.5,9324.0,9191.0498046875,9257.900390625,465775
2022-11-07,9061.6923828125,9333.2998046875,9352.7998046875,9254.2998046875,9277.0,469017
2022-11-09,8984.2138671875,9253.5,9480.849609375,9220.0,9480.349609375,617256
2022-11-10,8832.51171875,9097.25,9250.75,9071.0,9201.0,445700
2022-11-11,8823.0947265625,9087.5498046875,9240.0,9050.0,9200.0,461074
2022-11-14,8886.0078125,9152.349609375,9163.0498046875,8992.5498046875,9100.0,282822
2022-11-15,8895.572265625,9162.2001953125,9203.5498046875,9130.0,9190.0,359888
2022-11-16,8869.115234375,9134.9501953125,9252.5,9099.849609375,9160.0,350737
2022-11-17,8724.935546875,8986.4501953125,9169.599609375,8970.0,9101.0,409572
2022-11-18,8590.5634765625,8848.0498046875,9023.9501953125,8836.0,9010.0,515615
2022-11-21,8607.21484375,8865.2001953125,8929.2001953125,8786.0,8825.0,520644
2022-11-22,8615.515625,8873.75,8934.9501953125,8859.0498046875,8875.0,455948
2022-11-23,8674.498046875,8934.5,8989.0,8902.0,8940.0,621006
2022-11-24,8706.1484375,8967.099609375,8994.900390625,8921.0,8968.900390625,455343
2022-11-25,8757.0244140625,9019.5,9080.0,8947.5,9000.0,545439
2022-11-28,8723.9169921875,8985.400390625,9104.099609375,8950.0,9028.0,439956
2022-11-29,8650.904296875,8910.2001953125,9024.75,8888.0,8985.0,606692
2022-11-30,8712.9951171875,8974.150390625,9020.0,8870.0,8924.0,1087650
2022-12-01,8697.4609375,8958.150390625,9025.0,8930.0,9019.0498046875,694489
2022-12-02,8559.30078125,8815.849609375,8928.900390625,8754.75,8820.0,971612
2022-12-05,8536.193359375,8792.0498046875,8853.2001953125,8765.0,8844.0,519621
2022-12-06,8463.6669921875,8717.349609375,8800.0,8694.9501953125,8777.2001953125,551379
2022-12-07,8407.1611328125,8659.150390625,8747.849609375,8641.0,8720.0,546450
2022-12-08,8430.025390625,8682.7001953125,8711.0,8606.0498046875,8665.0,476001
2022-12-09,8362.693359375,8613.349609375,8763.75,8545.4501953125,8707.0,790406
2022-12-12,8407.7431640625,8659.75,8693.2998046875,8515.2998046875,8609.0,445039
2022-12-13,8369.8310546875,8620.7001953125,8697.349609375,8610.0,8662.0,330236
2022-12-14,8390.1201171875,8641.599609375,8677.7001953125,8596.0498046875,8650.0,343670
2022-12-15,8334.34375,8584.150390625,8673.599609375,8575.0,8641.0,472176
2022-12-16,8238.85546875,8485.7998046875,8588.0,8446.0,8559.5,624222
2022-12-19,8353.4697265625,8603.849609375,8621.4501953125,8451.0,8498.7998046875,464106
2022-12-20,8276.283203125,8524.349609375,8584.400390625,8432.0498046875,8584.400390625,694906
2022-12-21,8107.39599609375,8350.400390625,8566.9501953125,8288.2998046875,8524.349609375,800720
2022-12-22,8091.81201171875,8334.349609375,8384.0,8288.0,8356.650390625,580858
2022-12-23,7904.671875,8141.60009765625,8329.9501953125,8122.85009765625,8299.7001953125,503012
2022-12-26,8016.51953125,8256.7998046875,8346.0,8076.0498046875,8147.0,315102
2022-12-27,8063.75390625,8305.4501953125,8315.0,8230.7998046875,8298.9501953125,423308
2022-12-28,8175.98974609375,8421.0498046875,8453.5,8287.599609375,8315.0,538632
2022-12-29,8190.310546875,8435.7998046875,8449.0,8333.0,8370.0,452134
2022-12-30,8150.3095703125,8394.599609375,8490.0,8362.25,8470.0,433976
2023-01-02,8158.755859375,8403.2998046875,8454.0,8337.599609375,8365.0,398159
2023-01-03,8138.8046875,8382.75,8402.0,8304.150390625,8380.0,493207
2023-01-04,8177.6884765625,8422.7998046875,8537.0498046875,8311.0498046875,8376.0,566744
2023-01-05,8214.873046875,8461.099609375,8475.0,8390.0498046875,8444.9501953125,417716
2023-01-06,8139.09521484375,8383.0498046875,8483.9501953125,8350.0,8460.0,368978
2023-01-09,8133.2216796875,8377.0,8446.9501953125,8325.099609375,8424.849609375,613406
2023-01-10,8051.81201171875,8293.150390625,8410.0,8262.900390625,8380.0,493677
2023-01-11,8043.36474609375,8284.4501953125,8334.650390625,8249.150390625,8334.650390625,327536
2023-01-12,8125.64892578125,8369.2001953125,8377.0,8260.0,8315.0,283772
2023-01-13,8207.3994140625,8453.400390625,8500.0498046875,8351.0,8397.0,705220
2023-01-16,8136.2314453125,8380.099609375,8514.2998046875,8343.599609375,8480.0,500575
2023-01-17,8232.5927734375,8479.349609375,8493.2998046875,8342.150390625,8409.849609375,409248
2023-01-18,8246.865234375,8494.0498046875,8537.400390625,8464.2998046875,8473.0,402883
2023-01-19,8254.2451171875,8501.650390625,8519.0,8456.5,8479.0,184776
2023-01-20,8194.193359375,8439.7998046875,8500.0,8412.0,8462.0498046875,346337
2023-01-23,8172.15380859375,8417.099609375,8482.0,8377.900390625,8480.0,410827
2023-01-24,8445.65625,8698.7998046875,8718.0,8417.0,8450.0,1039571
2023-01-25,8528.4736328125,8784.099609375,8833.0,8680.2998046875,8747.900390625,1131883
2023-01-27,8483.2314453125,8737.5,8889.0,8620.099609375,8828.4501953125,743546
2023-01-30,8560.4169921875,8817.0,8865.0,8718.0,8779.0,1036998
2023-01-31,8636.4384765625,8895.2998046875,8943.849609375,8830.2001953125,8856.900390625,643670
2023-02-01,8513.6669921875,8768.849609375,9030.4501953125,8673.900390625,8937.0,707460
2023-02-02,8612.0205078125,8870.150390625,8940.0,8751.099609375,8765.0,456995
2023-02-03,8682.0703125,8942.2998046875,8963.0,8845.150390625,8940.0,351157
2023-02-06,8648.7685546875,8908.0,8936.0,8820.0,8926.9501953125,205161
2023-02-07,8507.455078125,8762.4501953125,8920.0,8752.5498046875,8908.0,318669
2023-02-08,8577.6025390625,8834.7001953125,8854.5,8673.0498046875,8773.0,391645
2023-02-09,8545.0771484375,8801.2001953125,8833.0,8700.0,8802.2998046875,392186
2023-02-10,8554.9306640625,8811.349609375,8875.0,8772.9501953125,8797.7998046875,276298
2023-02-13,8553.0869140625,8809.4501953125,8864.400390625,8755.7001953125,8787.0,253037
2023-02-14,8519.1064453125,8774.4501953125,8847.0,8765.0,8815.0,227030
2023-02-15,8587.94140625,8845.349609375,8895.7001953125,8742.0,8774.4501953125,452568
2023-02-16,8548.86328125,8805.099609375,8880.0,8790.0,8880.0,247514
2023-02-17,8551.4365234375,8807.75,8874.0,8749.75,8787.0,214587
2023-02-20,8440.658203125,8693.650390625,8849.0,8675.25,8807.75,298434
2023-02-21,8417.548828125,8669.849609375,8720.0,8638.4501953125,8694.0,323478
2023-02-22,8406.9658203125,8658.9501953125,8719.0,8585.0,8675.5,363931
2023-02-23,8443.1806640625,8696.25,8747.4501953125,8616.0,8693.4501953125,317544
2023-02-24,8408.4716796875,8660.5,8740.0,8609.2998046875,8711.0,242982
2023-02-27,8380.9951171875,8632.2001953125,8643.0498046875,8530.0,8630.0,220225
2023-02-28,8373.373046875,8624.349609375,8709.0,8605.2998046875,8650.0,370998
2023-03-01,8509.1064453125,8764.150390625,8776.25,8620.0,8620.0,333441
2023-03-02,8299.97265625,8548.75,8771.0,8509.099609375,8771.0,603893
2023-03-03,8350.9453125,8601.25,8629.0,8550.0,8592.0498046875,437977
2023-03-06,8380.267578125,8631.4501953125,8663.0,8590.9501953125,8640.0,275417
2023-03-08,8440.8994140625,8693.900390625,8712.0498046875,8610.0498046875,8625.0,348171
2023-03-09,8293.37109375,8541.9501953125,8737.0,8534.0498046875,8725.0,431466
2023-03-10,8351.236328125,8601.5498046875,8628.0,8480.099609375,8530.0,516128
2023-03-13,8270.5068359375,8518.400390625,8637.2998046875,8481.099609375,8601.5498046875,479314
2023-03-14,8264.439453125,8512.150390625,8544.9501953125,8445.0,8544.9501953125,349510
2023-03-15,8228.3212890625,8474.9501953125,8704.9501953125,8440.0,8650.0,509229
2023-03-16,8191.91259765625,8437.4501953125,8533.400390625,8411.0,8460.099609375,340261
2023-03-17,8074.82177734375,8316.849609375,8510.9501953125,8293.5498046875,8503.0,471602
2023-03-20,7980.4013671875,8219.599609375,8316.849609375,8130.0,8316.849609375,488199
2023-03-21,7988.9462890625,8228.400390625,8275.0,8215.0,8245.0,287497
2023-03-22,8012.24755859375,8252.400390625,8289.599609375,8217.0,8236.0,218120
2023-03-23,8110.11474609375,8353.2001953125,8375.0,8232.599609375,8264.0,540553
2023-03-24,8003.0244140625,8242.900390625,8386.5,8211.0,8353.2001953125,391840
2023-03-27,8037.44189453125,8278.349609375,8316.7998046875,8229.5498046875,8250.0,364326
2023-03-28,7969.916015625,8208.7998046875,8355.599609375,8140.0,8305.900390625,360349
2023-03-29,8053.89892578125,8295.2998046875,8319.099609375,8187.5,8249.849609375,339851
2023-03-31,8050.84130859375,8292.150390625,8370.0,8257.0498046875,8325.9501953125,478757
2023-04-03,8255.603515625,8503.0498046875,8579.0,8390.349609375,8412.849609375,627265
2023-04-05,8201.2333984375,8447.0498046875,8548.0,8430.0,8521.9501953125,272888
2023-04-06,8268.8076171875,8516.650390625,8535.0,8377.099609375,8464.0,309551
2023-04-10,8286.7705078125,8535.150390625,8555.7998046875,8403.0498046875,8456.599609375,308275
2023-04-11,8407.5498046875,8659.5498046875,8670.9501953125,8545.0,8580.0,409240
2023-04-12,8370.1689453125,8621.0498046875,8709.9501953125,8591.0,8672.0,408458
2023-04-13,8418.470703125,8670.7998046875,8704.0,8620.0,8628.0498046875,480202
2023-04-17,8422.2099609375,8674.650390625,8850.0,8650.0,8850.0,489356
2023-04-18,8478.521484375,8732.650390625,8748.7998046875,8690.0,8692.9501953125,276111
2023-04-19,8427.35546875,8679.9501953125,8741.7998046875,8662.4501953125,8690.0498046875,280819
2023-04-20,8461.044921875,8714.650390625,8739.900390625,8665.150390625,8670.0,369060
2023-04-21,8309.3916015625,8558.4501953125,8704.0,8550.0,8679.400390625,424157
2023-04-24,8219.77734375,8466.150390625,8577.0,8444.75,8577.0,543745
2023-04-25,8222.447265625,8468.900390625,8525.0,8420.0,8510.0,906406
2023-04-26,8259.3408203125,8506.900390625,8550.0,8434.900390625,8527.0,959058
2023-04-27,8294.3427734375,8542.9501953125,8570.0,8471.25,8570.0,536521
2023-04-28,8339.5859375,8589.5498046875,8612.4501953125,8535.099609375,8593.0,387567
2023-05-02,8521.4345703125,8776.849609375,8827.0,8606.0,8622.7001953125,865562
2023-05-03,8541.2900390625,8797.2998046875,8828.0,8715.0498046875,8770.0,537008
2023-05-04,8544.494140625,8800.599609375,8822.9501953125,8743.0,8796.650390625,271926
2023-05-05,8688.236328125,8948.650390625,8988.0,8790.0,8800.599609375,951591
2023-05-08,8812.123046875,9076.25,9120.9501953125,8960.0,9046.0,678780
2023-05-09,8846.3955078125,9111.5498046875,9140.0,9051.849609375,9083.0,415394
2023-05-10,8901.3486328125,9168.150390625,9180.0,9060.0,9128.7998046875,366827
2023-05-11,8991.3994140625,9260.900390625,9315.0,9142.0498046875,9242.9501953125,644550
2023-05-12,9024.896484375,9295.400390625,9329.7998046875,9232.650390625,9260.9501953125,403028
2023-05-15,8939.359375,9207.2998046875,9307.5,9185.400390625,9242.0,259316
2023-05-16,8807.365234375,9071.349609375,9229.2998046875,9057.099609375,9219.099609375,448981
2023-05-17,8854.0185546875,9119.400390625,9132.0,9032.0498046875,9080.349609375,290482
2023-05-18,8789.83984375,9053.2998046875,9150.0,9044.099609375,9144.9501953125,272497
2023-05-19,8840.958984375,9105.9501953125,9118.2001953125,8960.5498046875,9060.0,543472
2023-05-22,8890.18359375,9156.650390625,9169.7001953125,9073.849609375,9090.0,182115
2023-05-23,8932.951171875,9200.7001953125,9235.0,9156.75,9169.0,269008
2023-05-24,9000.9619140625,9270.75,9318.2001953125,9159.0,9168.0,470365
2023-05-25,9011.7392578125,9281.849609375,9293.400390625,9216.0498046875,9220.75,218979
2023-05-26,9126.40234375,9399.9501953125,9415.0,9311.25,9333.0,346760
2023-05-29,9061.88671875,9333.5,9488.7998046875,9312.0498046875,9435.0,236834
2023-05-30,9110.28515625,9383.349609375,9402.900390625,9300.0,9380.0,372004
2023-05-31,9095.091796875,9367.7001953125,9449.9501953125,9267.599609375,9449.9501953125,1614766
2023-06-01,9056.837890625,9328.2998046875,9377.5498046875,9222.0,9337.5,378706
2023-06-02,9209.3173828125,9485.349609375,9525.150390625,9312.7001953125,9389.0,445105
2023-06-05,9303.251953125,9582.099609375,9640.0,9488.5498046875,9552.5,434649
2023-06-06,9452.8681640625,9736.2001953125,9770.0,9611.0,9629.0,542318
2023-06-07,9425.0029296875,9707.5,9800.0,9650.5,9788.0,453747
2023-06-08,9377.525390625,9658.599609375,9765.0,9625.5,9733.0,273746
2023-06-09,9347.62109375,9627.7998046875,9713.900390625,9611.099609375,9675.5,161389
2023-06-12,9272.5234375,9550.4501953125,9700.0,9537.650390625,9625.0,316879
2023-06-13,9240.5322265625,9517.5,9618.0498046875,9505.650390625,9588.0,561014
2023-06-14,9255.0947265625,9532.5,9599.0,9490.5,9520.0,328167
2023-06-15,9315.6298828125,9594.849609375,9697.7998046875,9543.0,9555.0,459978
2023-06-16,9324.2236328125,9603.7001953125,9643.400390625,9552.0,9595.0498046875,682099
2023-06-19,9254.6103515625,9532.0,9642.150390625,9510.0,9638.0,395006
2023-06-20,9215.87109375,9492.099609375,9538.900390625,9420.0,9530.0,612713
2023-06-21,9166.1123046875,9440.849609375,9537.0,9396.0498046875,9502.0,356331
2023-06-22,9129.412109375,9403.0498046875,9494.349609375,9373.7998046875,9439.0498046875,288487
2023-06-23,9055.8662109375,9327.2998046875,9427.0,9305.0,9420.0,309138
2023-06-26,9194.6083984375,9470.2001953125,9520.0,9300.0,9327.2998046875,405168
2023-06-27,9185.6767578125,9461.0,9500.0,9395.0498046875,9490.0,339375
2023-06-28,9263.0087890625,9540.650390625,9575.0,9432.5498046875,9475.4501953125,482586
2023-06-30,9504.1787109375,9789.0498046875,9853.5,9541.0,9569.0,845006
2023-07-03,9391.5068359375,9673.0,9785.849609375,9656.5498046875,9742.0498046875,398066
2023-07-04,9366.6513671875,9647.400390625,9716.5,9620.0498046875,9700.0,247673
2023-07-05,9701.515625,9992.2998046875,10036.9501953125,9675.0,9697.0,815044
2023-07-06,9572.4833984375,9859.400390625,10016.2998046875,9815.2001953125,9999.9501953125,652120
2023-07-07,9563.59765625,9850.25,9945.0,9815.0,9854.0,457050
2023-07-10,9452.9658203125,9736.2998046875,9933.349609375,9719.75,9854.0,272008
2023-07-11,9612.046875,9900.150390625,9956.849609375,9736.2998046875,9796.0,568772
2023-07-12,9549.5693359375,9835.7998046875,9950.0,9805.0,9895.0,552967
2023-07-13,9366.7978515625,9647.5498046875,9898.9501953125,9612.0,9852.9501953125,519564
2023-07-14,9324.1748046875,9603.650390625,9727.2998046875,9591.0,9701.9501953125,498441
2023-07-17,9407.5751953125,9689.5498046875,9699.0,9555.0,9647.0,444583
2023-07-18,9384.37109375,9665.650390625,9766.2998046875,9601.7001953125,9710.2001953125,320985
2023-07-19,9327.9619140625,9607.5498046875,9666.0,9525.650390625,9651.0,450254
2023-07-20,9488.1123046875,9772.5,9785.0,9575.4501953125,9620.0,466813
2023-07-21,9485.7333984375,9770.0498046875,9845.0,9703.0,9720.0,328483
2023-07-24,9412.671875,9694.7998046875,9815.0,9680.0,9770.0498046875,358506
2023-07-25,9474.615234375,9758.599609375,9774.9501953125,9616.7998046875,9624.0,240998
2023-07-26,9472.4306640625,9756.349609375,9810.0,9725.25,9761.5,209861
2023-07-27,9469.7607421875,9753.599609375,9827.150390625,9691.650390625,9770.0,256672
2023-07-28,9388.884765625,9670.2998046875,9750.0,9546.400390625,9739.0,381151
2023-07-31,9534.95703125,9820.75,9837.7001953125,9606.0,9670.2998046875,600060
2023-08-01,9433.9833984375,9716.75,9892.0,9650.0498046875,9760.0,1394528
2023-08-02,9372.865234375,9653.7998046875,9793.4501953125,9520.349609375,9715.0,672815
2023-08-03,9353.1669921875,9543.7001953125,9659.9501953125,9515.599609375,9598.849609375,614897
2023-08-04,9281.3310546875,9470.400390625,9616.0,9427.0,9560.0,540470
2023-08-07,9333.6640625,9523.7998046875,9539.7998046875,9422.0,9490.0,366329
2023-08-08,9352.0400390625,9542.5498046875,9623.0,9505.0,9539.9501953125,430636
2023-08-09,9274.17578125,9463.099609375,9540.0498046875,9417.5,9540.0,404602
2023-08-10,9209.9833984375,9397.599609375,9500.0,9342.0498046875,9463.099609375,523490
2023-08-11,9170.046875,9356.849609375,9469.0,9344.0,9397.599609375,498504
2023-08-14,9135.55078125,9321.650390625,9364.0,9257.900390625,9360.0,336864
2023-08-16,9231.49609375,9419.5498046875,9437.75,9254.150390625,9334.0,336363
2023-08-17,9188.12890625,9375.2998046875,9474.75,9350.0,9414.900390625,402798
2023-08-18,9267.2666015625,9456.0498046875,9470.0,9336.650390625,9350.0,400745
2023-08-21,9250.3603515625,9438.7998046875,9469.0,9413.25,9455.5498046875,375347
2023-08-22,9302.4013671875,9491.900390625,9508.0498046875,9409.7001953125,9420.2001953125,435930
2023-08-23,9409.2744140625,9600.9501953125,9640.0,9446.0,9519.0,546842
2023-08-24,9382.5673828125,9573.7001953125,9661.650390625,9555.0,9661.650390625,385559
2023-08-25,9315.92578125,9505.7001953125,9624.75,9485.0,9554.0,346449
2023-08-28,9406.0888671875,9597.7001953125,9670.0,9510.0,9514.9501953125,325938
2023-08-29,9429.1689453125,9621.25,9684.75,9506.0,9600.0,317224
2023-08-30,9600.822265625,9796.400390625,9817.9501953125,9610.0,9660.0,543634
2023-08-31,9804.0810546875,10003.7998046875,10065.0,9770.099609375,9770.099609375,1581818
2023-09-01,10124.994140625,10331.25,10397.9501953125,9951.349609375,9999.0,1193178
2023-09-04,10155.5712890625,10362.4501953125,10467.9501953125,10286.2998046875,10401.0,819552
2023-09-05,10057.2236328125,10262.099609375,10412.7001953125,10245.7998046875,10350.0,507107
2023-09-06,9975.6357421875,10178.849609375,10260.0,10130.150390625,10260.0,663758
2023-09-07,10075.501953125,10280.75,10300.900390625,10150.0,10150.0,445805
2023-09-08,10125.7294921875,10332.0,10400.0,10300.0,10399.0,439721
2023-09-11,10323.548828125,10533.849609375,10550.0,10344.0,10345.0,598050
2023-09-12,10293.9033203125,10503.599609375,10568.400390625,10405.0,10544.0,568773
2023-09-13,10264.306640625,10473.400390625,10536.400390625,10440.0,10500.0,301707
2023-09-14,10278.76171875,10488.150390625,10580.0,10431.0498046875,10465.0498046875,501196
2023-09-15,10315.12109375,10525.25,10550.0,10477.400390625,10489.2998046875,544616
2023-09-18,10312.0341796875,10522.099609375,10623.650390625,10494.0498046875,10500.0498046875,430213
2023-09-20,10140.1845703125,10346.75,10494.0498046875,10337.5498046875,10494.0498046875,545106
2023-09-21,10078.9814453125,10284.2998046875,10345.0,10206.5,10343.0498046875,577252
2023-09-22,10324.82421875,10535.150390625,10566.75,10308.4501953125,10378.0,986206
2023-09-25,10376.814453125,10588.2001953125,10720.0,10530.0,10535.150390625,756801
2023-09-26,10345.89453125,10556.650390625,10633.9501953125,10526.5498046875,10631.900390625,452503
2023-09-27,10467.5166015625,10680.75,10706.0,10525.0,10550.0,458359
2023-09-28,10354.419921875,10565.349609375,10705.0,10532.0498046875,10650.5,598144
2023-09-29,10398.7666015625,10610.599609375,10705.5,10510.5498046875,10541.0,481725
2023-10-03,10140.33203125,10346.900390625,10709.7998046875,10303.2998046875,10709.7998046875,623006
2023-10-04,9927.6142578125,10129.849609375,10283.900390625,10090.0,10283.900390625,407793
2023-10-05,10006.3125,10210.150390625,10270.9501953125,10109.0,10181.9501953125,377196
2023-10-06,10096.3759765625,10302.0498046875,10332.9501953125,10260.0,10283.0,335700
2023-10-09,10040.26953125,10244.7998046875,10334.400390625,10183.9501953125,10250.0,230083
2023-10-10,10167.87109375,10375.0,10417.0,10270.099609375,10290.0,348342
2023-10-11,10204.2294921875,10412.099609375,10440.0,10340.0498046875,10349.9501953125,193526
2023-10-12,10369.66015625,10580.900390625,10624.5498046875,10420.2001953125,10460.0,569237
2023-10-13,10513.3818359375,10727.5498046875,10745.0498046875,10529.7998046875,10534.0498046875,625954
2023-10-16,10490.79296875,10704.5,10810.849609375,10665.0,10729.9501953125,304196
2023-10-17,10536.16796875,10750.7998046875,10797.849609375,10565.2998046875,10730.0,474718
2023-10-18,10573.06640625,10788.4501953125,10809.849609375,10711.0498046875,10755.0,267435
2023-10-19,10556.6513671875,10771.7001953125,10798.7001953125,10700.0,10700.0,286284
2023-10-20,10511.5205078125,10725.650390625,10799.0,10695.7001953125,10763.099609375,232512
2023-10-23,10342.9541015625,10553.650390625,10724.650390625,10530.4501953125,10681.0,227925
2023-10-25,10377.451171875,10588.849609375,10647.4501953125,10501.599609375,10520.0,401105
2023-10-26,10216.0400390625,10424.150390625,10594.0,10392.5,10539.0,506129
2023-10-27,10349.86328125,10560.7001953125,10845.0,10440.0,10440.0498046875,1116713
2023-10-30,10190.1181640625,10397.7001953125,10700.0,10245.0,10700.0,991168
2023-10-31,10184.8251953125,10392.2998046875,10490.0,10321.0,10490.0,439996
2023-11-01,10023.560546875,10227.75,10422.2001953125,10188.650390625,10390.099609375,699116
2023-11-02,10097.8955078125,10303.599609375,10345.0,10201.0,10290.2998046875,569194
2023-11-03,10071.140625,10276.2998046875,10370.0,10241.0,10318.0,517582
2023-11-06,10079.51953125,10284.849609375,10338.9501953125,10252.0,10338.9501953125,490459
2023-11-07,10048.599609375,10253.2998046875,10326.0,10235.849609375,10300.0,264935
2023-11-08,10116.2216796875,10322.2998046875,10340.4501953125,10260.599609375,10320.0,287006
2023-11-09,10192.71484375,10400.349609375,10449.599609375,10316.75,10349.9501953125,310536
2023-11-10,10181.39453125,10388.7998046875,10416.400390625,10320.0,10375.0,206395
2023-11-13,10190.8037109375,10398.400390625,10429.0,10363.650390625,10429.0,261891
2023-11-15,10247.302734375,10456.0498046875,10497.0,10375.0498046875,10497.0,436538
2023-11-16,10275.1845703125,10484.5,10543.7001953125,10409.2001953125,10480.0,488715
2023-11-17,10313.4052734375,10523.5,10606.7998046875,10499.150390625,10500.0,403772
2023-11-20,10355.302734375,10566.25,10593.349609375,10500.0,10500.0,234246
2023-11-21,10324.82421875,10535.150390625,10619.0,10500.0,10619.0,312242
2023-11-22,10285.0341796875,10494.5498046875,10551.25,10420.0,10550.0,378891
2023-11-23,10279.1044921875,10488.5,10525.0,10394.0498046875,10487.7998046875,453820
2023-11-24,10305.712890625,10515.650390625,10566.5,10462.0,10505.9501953125,380306
2023-11-28,10327.1748046875,10537.5498046875,10556.400390625,10506.0,10539.9501953125,268026
2023-11-29,10387.6435546875,10599.25,10634.5498046875,10525.7001953125,10570.0,343341
2023-11-30,10396.9052734375,10608.7001953125,10649.0,10546.099609375,10581.0,665660
2023-12-01,10374.3642578125,10585.7001953125,10759.0,10533.0498046875,10608.0,591519
2023-12-04,10387.83984375,10599.4501953125,10695.099609375,10425.0,10695.0,625235
2023-12-05,10507.845703125,10721.900390625,10770.0,10563.400390625,10650.900390625,580996
2023-12-06,10413.6142578125,10625.75,10748.9501953125,10590.0,10721.900390625,464163
2023-12-07,10483.099609375,10696.650390625,10932.849609375,10635.0,10790.0,704413
2023-12-08,10406.5576171875,10618.5498046875,10748.0,10551.0,10730.0,548373
2023-12-11,10331.291015625,10541.75,10638.0,10500.0498046875,10630.0,579749
2023-12-12,10132.001953125,10338.400390625,10624.0,10301.099609375,10620.0,1088687
2023-12-13,10172.8193359375,10380.0498046875,10412.900390625,10260.0,10360.0,603469
2023-12-14,10146.5068359375,10353.2001953125,10495.0,10312.2998046875,10440.0,635475
2023-12-15,10081.0400390625,10286.400390625,10476.75,9832.599609375,10459.0,1244681
2023-12-18,10113.576171875,10319.599609375,10350.900390625,10226.2001953125,10295.0,652498
2023-12-19,10029.29296875,10233.599609375,10377.0,10206.2001953125,10319.599609375,585734
2023-12-20,9879.984375,10081.25,10309.0498046875,9990.0,10240.0,964051
2023-12-21,9812.9501953125,10012.849609375,10099.25,9900.0,10000.0,739806
2023-12-22,10013.171875,10217.150390625,10318.2998046875,10030.0,10050.0,652545
2023-12-26,10065.6044921875,10270.650390625,10281.2001953125,10114.7001953125,10270.0,395273
2023-12-27,10083.09765625,10288.5,10305.349609375,10230.0,10286.0,397675
2023-12-28,10066.5341796875,10271.599609375,10310.9501953125,10187.0,10310.9501953125,584234
2023-12-29,10096.6708984375,10302.349609375,10396.650390625,10273.0,10280.4501953125,705227
2024-01-01,10078.0009765625,10283.2998046875,10345.0,10214.650390625,10345.0,411724
2024-01-02,9994.1591796875,10197.75,10294.7001953125,10151.0498046875,10283.2998046875,776837
2024-01-03,9876.45703125,10077.650390625,10210.0,10065.0,10200.0,521046
2024-01-04,9815.3505859375,10015.2998046875,10120.0,9985.5498046875,10100.0,711733
2024-01-05,9817.017578125,10017.0,10075.0,9970.0,10010.650390625,673131
2024-01-08,9748.1220703125,9946.7001953125,10128.9501953125,9911.900390625,10005.0,600153
2024-01-09,9823.9755859375,10024.099609375,10042.650390625,9890.0,9975.0,666469
2024-01-10,9810.353515625,10010.2001953125,10050.75,9950.0,10049.9501953125,481699
2024-01-11,9811.2353515625,10011.099609375,10124.099609375,10000.0,10025.099609375,1024815
2024-01-12,9766.693359375,9965.650390625,10044.9501953125,9935.9501953125,10025.0,850190
2024-01-15,9885.5224609375,10086.900390625,10098.7998046875,9948.0,9985.099609375,463380
2024-01-16,9980.2431640625,10183.5498046875,10240.0,10060.0,10086.849609375,536823
2024-01-17,9851.0244140625,10051.7001953125,10161.7998046875,9996.4501953125,10124.0,610250
2024-01-18,9726.3642578125,9924.5,10050.0,9737.650390625,9946.0498046875,614860
2024-01-19,9837.3046875,10037.7001953125,10051.650390625,9949.0498046875,9960.0,377018
2024-01-23,9663.5927734375,9860.4501953125,9973.0,9832.099609375,9862.0,956269
2024-01-24,9788.79296875,9988.2001953125,10000.0,9755.0,9860.0,459092
2024-01-25,9683.7333984375,9881.0,9999.7998046875,9816.5498046875,9988.2001953125,718817
2024-01-29,9791.9296875,9991.400390625,10035.0,9875.0498046875,9931.150390625,446516
2024-01-30,9752.97265625,9951.650390625,10033.5,9931.5,10010.849609375,399869
2024-01-31,9983.5263671875,10186.900390625,10235.599609375,9913.0,9959.2998046875,997024
2024-02-01,10425.5703125,10637.9501953125,10699.7998046875,10204.0,10210.0,1869594
2024-02-02,10442.72265625,10655.4501953125,10711.599609375,10540.400390625,10598.0,814940
2024-02-05,10220.3505859375,10428.5498046875,10759.9501953125,10400.0,10602.0,365105
2024-02-06,10628.33984375,10844.849609375,10856.75,10458.0,10499.9501953125,829040
2024-02-07,10717.376953125,10935.7001953125,10973.5,10786.7998046875,10860.0,560808
2024-02-08,10529.40625,10743.900390625,10951.0,10689.9501953125,10951.0,557082
2024-02-09,10518.576171875,10732.849609375,10770.0,10611.099609375,10711.25,645489
2024-02-12,10495.888671875,10709.7001953125,10748.9501953125,10650.0498046875,10700.0,190655
2024-02-13,10578.9951171875,10794.5,10830.0,10640.150390625,10730.0,397979
2024-02-14,10807.78515625,11027.9501953125,11050.0,10703.400390625,10705.0,354676
2024-02-15,10868.8408203125,11090.25,11133.0,10980.0,11040.0,447248
2024-02-16,11153.19921875,11380.400390625,11480.0,11098.0,11120.0,716486
2024-02-19,11254.0927734375,11483.349609375,11613.0498046875,11333.0498046875,11380.400390625,581383
2024-02-20,11217.9306640625,11446.4501953125,11479.9501953125,11315.849609375,11440.0,355044
2024-02-21,11236.9423828125,11465.849609375,11521.0,11370.0,11456.0,348461
2024-02-22,11425.0595703125,11657.7998046875,11695.0,11391.25,11500.0,584406
2024-02-23,11305.2998046875,11535.599609375,11720.0,11475.2001953125,11704.9501953125,472884
2024-02-26,11238.0693359375,11467.0,11533.9501953125,11416.4501953125,11505.0,277700
2024-02-27,11271.0478515625,11500.650390625,11562.900390625,11384.25,11415.0,307585
2024-02-28,10930.1416015625,11152.7998046875,11498.9501953125,11130.0,11471.0,358812
2024-02-29,11062.9853515625,11288.349609375,11349.0,11129.5,11155.0,943841
2024-03-01,11388.9462890625,11620.9501953125,11675.0,11295.0,11295.0,487355
2024-03-04,11362.681640625,11594.150390625,11677.2998046875,11544.150390625,11600.0,369936
2024-03-05,11437.6044921875,11670.599609375,11730.0,11561.7998046875,11596.0498046875,320702
2024-03-06,11336.1220703125,11567.0498046875,11679.0,11518.400390625,11670.599609375,639542
2024-03-07,11280.259765625,11510.0498046875,11633.5,11421.150390625,11571.0498046875,255325
2024-03-11,11168.0458984375,11395.5498046875,11555.900390625,11350.0498046875,11515.150390625,525344
2024-03-12,11280.11328125,11509.900390625,11575.900390625,11381.0,11400.0,283816
2024-03-13,11162.75390625,11390.150390625,11554.849609375,11267.599609375,11510.0,385204
2024-03-14,11176.9150390625,11404.599609375,11460.0,11302.0498046875,11401.75,523058
2024-03-15,11247.52734375,11476.650390625,11521.0498046875,11314.0498046875,11380.0,972333
2024-03-18,11403.9892578125,11636.2998046875,11665.400390625,11366.2998046875,11436.650390625,311049
2024-03-19,11365.5224609375,11597.0498046875,11679.9501953125,11456.150390625,11542.099609375,409259
2024-03-20,11702.75390625,11941.150390625,12025.0,11651.150390625,11651.150390625,1031037
2024-03-21,11670.412109375,11908.150390625,12000.0,11825.349609375,11999.0,544311
2024-03-22,12091.3876953125,12337.7001953125,12427.2998046875,11890.0498046875,11890.0498046875,1062263
2024-03-26,12005.9765625,12250.5498046875,12321.900390625,12141.2001953125,12285.5498046875,507568
2024-03-27,12260.58984375,12510.349609375,12722.7001953125,12285.7001953125,12290.0,878986
2024-03-28,12348.79296875,12600.349609375,12726.7998046875,12385.5,12569.9501953125,860324
2024-04-01,12318.65625,12569.599609375,12689.0,12506.150390625,12613.349609375,314676
2024-04-02,12301.849609375,12552.4501953125,12648.0,12462.25,12624.9501953125,333508
2024-04-03,12179.736328125,12427.849609375,12525.5,12412.5498046875,12450.0,271935
2024-04-04,12316.3544921875,12567.25,12649.0,12318.0498046875,12490.0,491166
2024-04-05,12173.611328125,12421.599609375,12557.900390625,12384.5,12492.0,231600
2024-04-08,12608.2568359375,12865.099609375,12927.650390625,12450.0,12450.0,570422
2024-04-09,12630.7001953125,12888.0,12985.7001953125,12780.0,12865.099609375,314466
2024-04-10,12429.5478515625,12682.75,12958.0,12600.900390625,12933.0,464239
2024-04-12,12021.6572265625,12266.5498046875,12660.0,12225.0,12660.0,973366
2024-04-15,12174.8359375,12422.849609375,12510.0,12032.9501953125,12199.5,831257
2024-04-16,12253.0927734375,12502.7001953125,12549.900390625,12275.349609375,12308.0,579183
2024-04-18,12157.34375,12405.0,12602.0,12320.0498046875,12570.0,679117
2024-04-19,12457.185546875,12710.9501953125,12759.400390625,12225.0,12399.900390625,635535
2024-04-22,12530.2470703125,12785.5,12879.150390625,12659.0,12783.150390625,342212
2024-04-23,12736.7890625,12996.25,13024.5,12776.2998046875,12845.0,397281
2024-04-24,12685.630859375,12944.0498046875,13073.9501953125,12900.0,13000.0,296364
2024-04-25,12664.51171875,12922.5,12980.7001953125,12740.349609375,12964.0,640725
2024-04-26,12449.736328125,12703.349609375,13045.0,12660.0,12922.0,704626
2024-04-29,12436.505859375,12689.849609375,12994.7998046875,12603.0,12800.0498046875,613937
2024-04-30,12561.6083984375,12817.5,12996.0,12740.2001953125,12786.0,528776
2024-05-02,12549.7001953125,12805.349609375,12844.150390625,12514.7998046875,12750.0,814923
2024-05-03,12242.75390625,12492.150390625,12830.0,12411.400390625,12817.9501953125,834990
2024-05-06,12190.958984375,12439.2998046875,12646.400390625,12372.5,12550.0,342231
2024-05-07,12117.2109375,12364.0498046875,12508.5,12239.0,12472.400390625,604375
2024-05-08,12293.126953125,12543.5498046875,12559.9501953125,12325.0,12392.0,399669
2024-05-09,12255.00390625,12504.650390625,12739.7998046875,12436.75,12540.0,504590
2024-05-10,12422.443359375,12675.5,12696.9501953125,12501.0,12505.0,328670
2024-05-13,12420.8251953125,12673.849609375,12708.400390625,12477.5498046875,12660.0,281421
2024-05-14,12558.3740234375,12814.2001953125,12840.0,12651.400390625,12673.849609375,331037
2024-05-15,12512.4091796875,12767.2998046875,12872.400390625,12700.0,12820.0,232030
2024-05-16,12248.1435546875,12497.650390625,12848.0,12300.0,12848.0,914201
2024-05-17,12389.1220703125,12641.5,12665.900390625,12322.2998046875,12515.150390625,809226
2024-05-21,12224.279296875,12473.2998046875,12678.900390625,12441.7998046875,12600.150390625,443136
2024-05-22,12281.169921875,12531.349609375,12563.0,12363.099609375,12427.7998046875,280015
2024-05-23,12676.6650390625,12934.900390625,12975.099609375,12473.0498046875,12566.0498046875,768732
2024-05-24,12740.9052734375,13000.4501953125,13034.0,12811.0,12865.0,624801
2024-05-27,12648.4384765625,12906.099609375,13058.5,12777.0,13023.4501953125,464953
2024-05-28,12562.685546875,12818.599609375,12985.9501953125,12800.25,12890.0,333806
2024-05-29,12533.333984375,12788.650390625,12850.0498046875,12750.0,12818.0,353706
2024-05-30,12346.490234375,12598.0,12810.0,12550.0,12721.0,524559
2024-05-31,12151.7568359375,12399.2998046875,12633.349609375,12330.0,12598.0,908304
2024-06-03,12227.0732421875,12476.150390625,12825.0,12402.5498046875,12825.0,485936
2024-06-04,11932.9638671875,12176.0498046875,12597.2001953125,11561.4501953125,12596.599609375,825928
2024-06-05,12252.994140625,12502.599609375,12614.099609375,12125.099609375,12180.0,447581
2024-06-06,12420.4833984375,12673.5,12690.0,12468.0,12511.5498046875,447536
2024-06-07,12555.1396484375,12810.900390625,12828.0,12582.349609375,12582.349609375,532480
2024-06-10,12463.6533203125,12717.5498046875,12920.0,12627.900390625,12765.150390625,293471
2024-06-11,12606.8369140625,12863.650390625,12939.5498046875,12655.2001953125,12743.5,358807
2024-06-12,12592.822265625,12849.349609375,12951.599609375,12802.0,12863.650390625,302719
2024-06-13,12590.37109375,12846.849609375,12940.0,12739.599609375,12940.0,297240
2024-06-14,12588.7548828125,12845.2001953125,12895.0,12778.7998046875,12831.5,216967
2024-06-18,12310.1796875,12560.9501953125,12880.0,12542.0498046875,12878.400390625,823306
2024-06-19,11997.6953125,12242.099609375,12625.0,12200.0,12610.0,694871
2024-06-20,11906.9443359375,12149.5,12305.5,12135.0,12246.0,907751
2024-06-21,11957.90625,12201.5,12366.25,12083.5,12220.0,947800
2024-06-24,11940.1669921875,12183.400390625,12289.0,12041.0,12181.0,550862
2024-06-25,11874.7001953125,12116.599609375,12237.7998046875,12072.0498046875,12201.400390625,594272
2024-06-26,11954.720703125,12198.25,12323.849609375,12067.7001953125,12117.0,447931
2024-06-27,11935.609375,12178.75,12227.2998046875,12010.0,12200.0,1230852
2024-06-28,11793.6025390625,12033.849609375,12201.5,12004.150390625,12184.9501953125,1160395
2024-07-01,11866.91015625,12108.650390625,12260.0,12005.5498046875,12045.0,1134926
2024-07-02,11802.177734375,12042.599609375,12149.9501953125,11995.0,12149.9501953125,687181
2024-07-03,11881.611328125,12123.650390625,12150.0,11960.0,12115.0,467532
2024-07-04,11848.2392578125,12089.599609375,12210.0,12071.7998046875,12135.0,299684
2024-07-05,11862.400390625,12104.0498046875,12137.4501953125,12021.900390625,12069.150390625,406926
2024-07-08,11783.5576171875,12023.599609375,12112.0,11966.0,12104.0,496933
2024-07-09,12571.6044921875,12827.7001953125,12959.9501953125,12264.0498046875,12325.0,2114130
2024-07-10,12517.7998046875,12772.7998046875,13300.0,12732.650390625,12950.0498046875,2070520
2024-07-11,12461.349609375,12715.2001953125,12923.7998046875,12695.0498046875,12800.0,608983
2024-07-12,12311.69921875,12562.5,12669.900390625,12475.0,12620.0,674746
2024-07-15,12391.5234375,12643.9501953125,12768.5,12590.0,12600.0,697186
2024-07-16,12387.2099609375,12639.5498046875,12798.0,12581.75,12643.0,347810
2024-07-18,12391.62109375,12644.0498046875,12680.0,12463.0,12633.0,391216
2024-07-19,12274.26171875,12524.2998046875,12710.0,12496.4501953125,12650.0,351955
2024-07-22,12388.8759765625,12641.25,12658.9501953125,12400.0498046875,12500.0,249631
2024-07-23,12376.919921875,12629.0498046875,12734.9501953125,12360.0,12720.0,332258
2024-07-24,12237.951171875,12487.25,12663.2001953125,12458.2001953125,12634.0,285860
2024-07-25,12259.462890625,12509.2001953125,12525.0,12388.0498046875,12388.0498046875,396789
2024-07-26,12410.8779296875,12663.7001953125,12743.099609375,12389.2001953125,12470.0,537693
2024-07-29,12496.974609375,12751.5498046875,12773.7001953125,12603.0,12709.0,388263
2024-07-30,12616.63671875,12873.650390625,12968.7998046875,12709.900390625,12760.0,526539
2024-07-31,12853.9521484375,13115.7998046875,13375.0,12895.150390625,12980.0,836405
2024-08-01,13092.345703125,13359.0498046875,13680.0,13112.0,13393.0,2040384
2024-08-02,12590.1328125,12726.400390625,13174.900390625,12673.0498046875,13126.0,1333355
2024-08-05,12070.208984375,12200.849609375,12490.0,12027.650390625,12490.0,1131415
2024-08-06,12001.2060546875,12131.099609375,12554.900390625,12110.0,12390.0,623565
2024-08-07,12239.0322265625,12371.5,12450.0,12265.900390625,12399.0,433514
2024-08-08,12088.0166015625,12218.849609375,12392.7001953125,12152.150390625,12371.0,358577
2024-08-09,12093.3095703125,12224.2001953125,12390.0,12195.099609375,12390.0,320211
2024-08-12,12141.833984375,12273.25,12370.0,12100.0,12200.0,291212
2024-08-13,12045.873046875,12176.25,12340.0498046875,12122.0,12337.0,464483
2024-08-14,12074.9580078125,12205.650390625,12239.0,12130.0,12239.0,449827
2024-08-16,12082.5263671875,12213.2998046875,12343.9501953125,12111.0,12314.9501953125,552732
2024-08-19,12019.7060546875,12149.7998046875,12244.0498046875,12126.7998046875,12195.0,277319
2024-08-20,12084.158203125,12214.9501953125,12310.0,12150.099609375,12160.5,471927
2024-08-21,12090.0947265625,12220.9501953125,12248.9501953125,12177.0498046875,12214.9501953125,295984
2024-08-22,12144.900390625,12276.349609375,12325.0,12181.0,12280.0,501316
2024-08-23,12170.5732421875,12302.2998046875,12375.0498046875,12254.400390625,12300.0,440809
2024-08-26,12112.69921875,12243.7998046875,12334.5,12222.0,12325.0,232805
2024-08-27,12363.08984375,12496.900390625,12530.0,12225.099609375,12245.0,477609
2024-08-28,12225.181640625,12357.5,12519.9501953125,12330.0,12500.0,313227
2024-08-29,12320.451171875,12453.7998046875,12480.0,12250.0,12343.0,608598
2024-08-30,12270.1953125,12403.0,12570.0,12316.2001953125,12460.0,2271179
2024-09-02,12294.333984375,12427.400390625,12525.0,12350.400390625,12373.0,331514
2024-09-03,12264.357421875,12397.099609375,12474.2998046875,12359.900390625,12474.0,445514
2024-09-04,12204.1591796875,12336.25,12398.0,12234.099609375,12325.0498046875,735076
2024-09-05,12166.912109375,12298.599609375,12370.0,12230.0,12337.0,595865
2024-09-06,12055.6669921875,12186.150390625,12304.849609375,12094.7001953125,12250.0,733354
2024-09-09,12015.69921875,12145.75,12219.849609375,12102.0,12197.5,415790
2024-09-10,12132.08984375,12263.400390625,12288.0498046875,12098.0,12150.099609375,285122
2024-09-11,12111.51171875,12242.599609375,12334.0,12165.0,12260.0,349799
2024-09-12,12268.0673828125,12400.849609375,12427.0,12151.349609375,12262.099609375,547830
2024-09-13,12184.17578125,12316.0498046875,12395.0,12291.0498046875,12365.0,361093
2024-09-16,12157.416015625,12289.0,12364.0,12256.0,12321.9501953125,170114
2024-09-17,12114.62890625,12245.75,12285.0,12151.650390625,12285.0,568161
2024-09-18,12073.423828125,12204.099609375,12337.9501953125,12170.0,12240.0498046875,182282
2024-09-19,12219.24609375,12351.5,12410.0,12206.400390625,12259.9501953125,465608
2024-09-20,12479.4306640625,12614.5,12705.150390625,12360.0498046875,12360.400390625,875654
2024-09-23,12547.294921875,12683.099609375,12749.0,12625.0,12625.0,235586
2024-09-24,12602.201171875,12738.599609375,12778.9501953125,12583.099609375,12583.099609375,425916
2024-09-25,12648.4013671875,12785.2998046875,12816.2001953125,12611.0,12727.25,341172
2024-09-26,13240.4931640625,13383.7998046875,13411.0,12830.0,12835.0,1471069
2024-09-27,13351.095703125,13495.599609375,13541.650390625,13274.4501953125,13383.0,865698
2024-09-30,13096.25390625,13238.0,13500.0,13208.7001953125,13343.5498046875,415743
2024-10-01,13025.025390625,13166.0,13300.4501953125,13000.0498046875,13238.0,388888
2024-10-03,12511.927734375,12647.349609375,13148.0,12592.2998046875,12941.0498046875,863520
2024-10-04,12470.7744140625,12605.75,12877.849609375,12512.5,12689.900390625,679362
2024-10-07,12393.3623046875,12527.5,12648.0,12378.0,12626.0498046875,465500
2024-10-08,12397.7646484375,12531.9501953125,12630.099609375,12462.0498046875,12502.25,387060
2024-10-09,12624.0654296875,12760.7001953125,12850.0,12540.5,12554.9501953125,465231
2024-10-10,12805.5009765625,12944.099609375,12965.0,12711.5,12798.900390625,492698
2024-10-11,12639.8447265625,12776.650390625,12980.0,12725.0,12944.099609375,274243
2024-10-14,12403.6005859375,12537.849609375,12799.0,12462.2998046875,12775.0,488067
2024-10-15,12313.4765625,12446.75,12709.0,12355.0,12709.0,532135
2024-10-16,12251.2998046875,12383.900390625,12454.9501953125,12231.0,12414.0498046875,418138
2024-10-17,12013.720703125,12143.75,12420.099609375,12070.0,12400.0,875937
2024-10-18,11975.484375,12105.099609375,12141.25,11844.4501953125,12070.0,506871
2024-10-21,12045.52734375,12175.900390625,12250.0,11944.5498046875,12145.5498046875,375275
2024-10-22,11795.630859375,11923.2998046875,12289.7998046875,11840.0,12215.9501953125,904901
2024-10-23,11828.1796875,11956.2001953125,12119.900390625,11753.4501953125,11923.2998046875,412638
2024-10-24,11637.740234375,11763.7001953125,11998.9501953125,11636.900390625,11998.9501953125,552495
2024-10-25,11379.6826171875,11502.849609375,11794.2998046875,11440.0,11763.599609375,624582
2024-10-28,11360.29296875,11483.25,11632.650390625,11440.0,11504.7998046875,613830
2024-10-29,10927.724609375,11046.0,11483.0,10742.4501953125,11450.0,2268683
2024-10-30,11135.921875,11256.4501953125,11520.0,10945.0,10979.0,1672966
2024-10-31,10957.849609375,11076.4501953125,11247.5498046875,11050.0,11225.0,838211
2024-11-01,10991.0400390625,11110.0,11209.5498046875,11080.0,11150.0,65670
2024-11-04,10934.1064453125,11052.4501953125,11295.0,10860.0,11295.0,444462
2024-11-05,11050.49609375,11170.099609375,11275.0,11011.900390625,11042.0,321159
2024-11-06,11232.6748046875,11354.25,11430.0,11172.599609375,11219.0,416027
2024-11-07,11179.154296875,11300.150390625,11385.0,11186.599609375,11305.150390625,530194
2024-11-08,11181.9736328125,11303.0,11344.0,11125.599609375,11260.5,269993
2024-11-11,11277.6376953125,11399.7001953125,11518.150390625,11310.0,11331.5,450681
2024-11-12,11023.78515625,11143.099609375,11516.900390625,11107.25,11392.0498046875,549747
2024-11-13,10931.2861328125,11049.599609375,11142.849609375,10864.2998046875,11140.0,507710
2024-11-14,10888.2021484375,11006.0498046875,11117.7001953125,10892.099609375,11055.0,431348
2024-11-18,10975.162109375,11093.9501953125,11182.9501953125,10915.0,10950.0,333440
2024-11-19,10841.953125,10959.2998046875,11195.25,10896.400390625,11090.0,864067
2024-11-21,10745.1513671875,10861.4501953125,10958.2001953125,10770.0,10921.150390625,540201
2024-11-22,10945.1357421875,11063.599609375,11106.650390625,10827.25,10905.0,493678
2024-11-25,10907.0986328125,11025.150390625,11247.9501953125,10990.0498046875,11202.0,635726
2024-11-26,10826.767578125,10943.9501953125,11077.9501953125,10891.4501953125,11025.150390625,406586
2024-11-27,10939.9423828125,11058.349609375,11116.900390625,10870.0,10936.0,343332
2024-11-28,10832.6044921875,10949.849609375,11080.599609375,10888.0,11060.400390625,607669
2024-11-29,10955.623046875,11074.2001953125,11130.099609375,10920.0,10949.9501953125,338207
2024-12-02,11118.955078125,11239.2998046875,11330.0,11151.0,11151.0,446880
2024-12-03,11158.4775390625,11279.25,11309.0,11203.0,11250.0,258644
2024-12-04,11010.6767578125,11129.849609375,11300.0,11106.0,11281.0,554674
2024-12-05,11062.515625,11182.25,11270.0,11031.0,11134.9501953125,545501
2024-12-06,11196.763671875,11317.9501953125,11375.9501953125,11121.0,11200.0,417214
2024-12-09,11159.021484375,11279.7998046875,11368.900390625,11252.5498046875,11322.0,254485
2024-12-10,11078.2958984375,11198.2001953125,11314.349609375,11170.0,11275.0,410569
2024-12-11,11156.9931640625,11277.75,11320.849609375,11220.599609375,11229.900390625,226584
2024-12-12,11047.8251953125,11167.400390625,11299.349609375,11078.25,11299.349609375,396561
2024-12-13,11151.8486328125,11272.5498046875,11290.0,11033.599609375,11137.400390625,263579
2024-12-16,11156.251953125,11277.0,11329.4501953125,11205.0,11255.5498046875,223389
2024-12-17,10989.60546875,11108.5498046875,11272.4501953125,11059.7001953125,11263.0,295445
2024-12-18,10884.6416015625,11002.4501953125,11098.0498046875,10970.099609375,11085.0,497103
2024-12-19,10838.044921875,10955.349609375,11035.400390625,10852.4501953125,10888.0,435360
2024-12-20,10784.3271484375,10901.0498046875,11077.0,10865.9501953125,10940.0,404608
2024-12-23,10706.123046875,10822.0,10989.7998046875,10755.400390625,10928.0,237165
2024-12-24,10621.6376953125,10736.599609375,10887.4501953125,10725.0,10822.0,151149
2024-12-26,10779.3310546875,10896.0,10974.7998046875,10770.0,10770.5,349811
2024-12-27,10823.8984375,10941.0498046875,11133.0,10912.599609375,10929.5,257973
2024-12-30,10683.3203125,10798.9501953125,10950.0,10750.099609375,10941.0498046875,335481
2024-12-31,10742.1337890625,10858.400390625,10893.7001953125,10750.599609375,10765.0,198997
2025-01-01,11088.287109375,11208.2998046875,11273.9501953125,10800.2001953125,10858.0,383202
2025-01-02,11714.5087890625,11841.2998046875,11859.150390625,11226.0,11285.0,1417042
2025-01-03,11806.4638671875,11934.25,12049.7998046875,11787.9501953125,11849.9501953125,701315
2025-01-06,11629.7763671875,11755.650390625,11979.900390625,11690.7001953125,11929.0,383268
2025-01-07,11595.7939453125,11721.2998046875,11825.9501953125,11673.7001953125,11755.650390625,308104
2025-01-08,11695.416015625,11822.0,11859.9501953125,11725.2998046875,11726.0,303100
2025-01-09,11614.837890625,11740.5498046875,11850.0,11659.650390625,11822.0,266413
2025-01-10,11506.5595703125,11631.099609375,11760.0,11570.0,11690.0,218246
2025-01-13,11374.5888671875,11497.7001953125,11654.4501953125,11468.0,11468.5,253524
2025-01-14,11615.431640625,11741.150390625,11785.5498046875,11531.0,11533.9501953125,627463
2025-01-15,11819.4736328125,11947.400390625,12192.400390625,11861.0,11890.5498046875,692822
2025-01-16,11962.8212890625,12092.2998046875,12134.0,11956.2001953125,11981.4501953125,551211
2025-01-17,12006.3994140625,12136.349609375,12189.900390625,12004.2998046875,12101.900390625,285370
2025-01-20,11891.3447265625,12020.0498046875,12147.0498046875,11984.0498046875,12147.0498046875,251731
2025-01-21,11756.455078125,11883.7001953125,12139.7998046875,11862.0498046875,12017.0498046875,300038
2025-01-22,11891.6416015625,12020.349609375,12078.849609375,11900.0498046875,11900.0498046875,396590
2025-01-23,11916.7705078125,12045.75,12106.2998046875,11961.2998046875,12005.0,480876
2025-01-24,11839.75390625,11967.900390625,12093.0,11914.099609375,11930.0,310343
2025-01-27,11865.42578125,11993.849609375,12046.900390625,11811.0498046875,11901.900390625,251783
2025-01-28,11993.9345703125,12123.75,12164.7001953125,11884.9501953125,12018.349609375,533451
2025-01-29,11849.6474609375,11977.900390625,12320.7001953125,11885.0498046875,12120.0,817549
2025-01-30,11871.509765625,12000.0,12110.849609375,11923.099609375,12021.0,418442
2025-01-31,12178.833984375,12310.650390625,12390.0,12000.0,12000.0,709009
2025-02-01,12778.1962890625,12916.5,13150.0,12228.650390625,12320.0,1101170
2025-02-03,12999.25390625,13139.9501953125,13461.2001953125,12921.650390625,12990.0,926127
2025-02-04,12969.5751953125,13109.9501953125,13259.9501953125,12971.5,13250.0,530749
2025-02-05,12946.6728515625,13086.7998046875,13150.0,13003.5,13110.0,271633
2025-02-06,12934.009765625,13074.0,13130.0,13006.7998046875,13060.0,414134
2025-02-07,12909.7724609375,13049.5,13108.5,13012.0,13060.0,355223
2025-02-10,12762.615234375,12900.75,13060.0,12886.650390625,13050.0,294142
2025-02-11,12588.103515625,12724.349609375,13017.25,12699.4501953125,12899.9501953125,354195
2025-02-12,12520.041015625,12655.5498046875,12765.349609375,12608.0498046875,12700.0,425735
2025-02-13,12535.6220703125,12671.2998046875,12744.9501953125,12614.75,12675.0,186742
2025-02-14,12544.4765625,12680.25,12780.0,12584.099609375,12700.0,233454
2025-02-17,12626.2412109375,12762.900390625,12774.0,12578.099609375,12601.599609375,192210
2025-02-18,12649.2919921875,12786.2001953125,12884.9501953125,12735.150390625,12764.9501953125,267936
2025-02-19,12550.3134765625,12686.150390625,12769.150390625,12651.0,12727.0,288694
2025-02-20,12307.4423828125,12440.650390625,12650.0,12380.0,12650.0,423739
2025-02-21,12191.4970703125,12323.4501953125,12438.599609375,12245.0,12420.0,477013
2025-02-24,12213.013671875,12345.2001953125,12432.5,12220.099609375,12248.349609375,399571
2025-02-25,12342.7587890625,12476.349609375,12507.400390625,12350.0,12388.75,363355
2025-02-27,12248.0341796875,12380.599609375,12550.0,12312.0,12531.7001953125,236805
2025-02-28,11817.939453125,11945.849609375,12338.5,11811.7001953125,12338.5,605149
2025-03-03,11649.5126953125,11775.599609375,12059.4501953125,11757.75,11886.0,186884
2025-03-04,11491.869140625,11616.25,11724.25,11591.0,11690.0,255726
2025-03-05,11492.95703125,11617.349609375,11830.0,11568.349609375,11605.0,349730
2025-03-06,11541.482421875,11666.400390625,11729.5,11480.0,11701.0,315309
2025-03-07,11539.2568359375,11664.150390625,11742.2998046875,11601.0,11650.0,259055
2025-03-10,11461.9921875,11586.0498046875,11697.900390625,11533.650390625,11600.0,153894
2025-03-11,11522.240234375,11646.9501953125,11692.0,11510.0,11579.5,245822
2025-03-12,11515.462890625,11640.099609375,11723.9501953125,11522.0,11620.7998046875,249361
2025-03-13,11390.515625,11513.7998046875,11685.0,11489.75,11634.7998046875,260736
2025-03-17,11429.9892578125,11553.7001953125,11752.9501953125,11456.349609375,11513.7998046875,275569
2025-03-18,11429.9892578125,11553.7001953125,11553.7001953125,11553.7001953125,11553.7001953125,0
2025-03-19,11491.1767578125,11615.5498046875,11714.4501953125,11547.0,11700.0,476555
2025-03-20,11604.5986328125,11730.2001953125,11765.0,11588.0,11699.900390625,379421
2025-03-21,11607.1708984375,11732.7998046875,11921.7001953125,11705.7998046875,11780.0,560565
2025-03-24,11794.5927734375,11922.25,11990.0,11742.0498046875,11779.9501953125,359033
2025-03-25,11741.814453125,11868.900390625,12075.25,11800.0,11951.400390625,514283
2025-03-26,11608.6552734375,11734.2998046875,11868.900390625,11710.0,11807.0,478517
2025-03-27,11596.4375,11721.9501953125,11898.0,11638.0,11773.150390625,645787
2025-03-28,11398.77734375,11522.150390625,11745.9501953125,11400.099609375,11699.0498046875,541795
2025-04-01,11358.166015625,11481.099609375,11545.7998046875,11290.0,11480.0,498244
2025-04-02,11590.6494140625,11716.099609375,11732.0,11410.0498046875,11481.099609375,452994
2025-04-03,11562.94921875,11688.099609375,11802.9501953125,11611.0498046875,11630.5,326624
2025-04-04,11359.056640625,11482.0,11630.0,11330.0,11600.0,355785
2025-04-07,11208.4365234375,11329.75,11358.5,11059.4501953125,11105.599609375,602353
2025-04-08,11336.2041015625,11458.900390625,11550.349609375,11290.0498046875,11530.0,629968
2025-04-09,11334.720703125,11457.400390625,11538.7001953125,11425.0,11460.099609375,255114
2025-04-11,11474.8525390625,11599.0498046875,11678.75,11480.0,11480.349609375,231420
2025-04-15,11728.0625,11855.0,11940.0,11680.0,11790.0,458593
2025-04-16,11539.107421875,11664.0,11768.0,11615.0,11768.0,470494
2025-04-17,11569.775390625,11695.0,11728.0,11525.0,11664.0,302146
2025-04-21,11619.240234375,11745.0,11769.0,11588.0,11695.0,318493
2025-04-22,11608.3583984375,11734.0,11788.0,11615.0,11770.0,516753
2025-04-23,11779.505859375,11907.0,11971.0,11729.0,11799.0,493839
2025-04-24,11766.6455078125,11894.0,12040.0,11858.0,11940.0,387863
2025-04-25,11572.744140625,11698.0,12046.0,11598.0,11902.0,906266
2025-04-28,11719.1591796875,11846.0,11896.0,11289.0,11428.0,457303
2025-04-29,11714.212890625,11841.0,11940.0,11741.0,11812.0,455596
2025-04-30,12125.7578125,12257.0,12325.0,11800.0,11825.0,967250
2025-05-02,12272.173828125,12405.0,12727.0,12250.0,12257.0,707908
2025-05-05,12324.6064453125,12458.0,12490.0,12362.0,12490.0,270014
2025-05-06,12446.2890625,12581.0,12599.0,12371.0,12438.0,414921
2025-05-07,12497.732421875,12633.0,12669.0,12355.0,12355.0,303619
2025-05-08,12259.3125,12392.0,12597.0,12330.0,12560.0,485326
2025-05-09,12118.8330078125,12250.0,12360.0,12115.0,12135.0,278112
2025-05-12,12480.9140625,12616.0,12630.0,12426.0,12426.0,185165
2025-05-13,12348.3486328125,12482.0,12700.0,12430.0,12600.0,378269
2025-05-14,12534.3359375,12670.0,12718.0,12411.0,12485.0,306050
2025-05-15,12813.31640625,12952.0,13023.0,12548.0,12600.0,561496
2025-05-16,12855.8564453125,12995.0,13086.0,12912.0,12950.0,425275
2025-05-19,12849.919921875,12989.0,13046.0,12930.0,12990.0,244277
2025-05-20,12502.6787109375,12638.0,13010.0,12610.0,13005.0,361111
2025-05-21,12479.9248046875,12615.0,12808.0,12594.0,12675.0,209104
2025-05-22,12311.7451171875,12445.0,12611.0,12395.0,12611.0,434848
2025-05-23,12319.6591796875,12453.0,12495.0,12423.0,12450.0,169465
2025-05-26,12288.001953125,12421.0,12539.0,12391.0,12455.0,214703
2025-05-27,12281.0771484375,12414.0,12479.0,12290.0,12421.0,344679
2025-05-28,12198.9658203125,12331.0,12415.0,12305.0,12414.0,178181
2025-05-29,12259.3125,12392.0,12428.0,12266.0,12340.0,191097
2025-05-30,12187.0947265625,12319.0,12490.0,12251.0,12392.0,351353
2025-06-02,12158.4052734375,12290.0,12319.0,12132.0,12161.0,264972
2025-06-03,11998.1396484375,12128.0,12350.0,12060.0,12273.0,369114
2025-06-04,12032.7646484375,12163.0,12245.0,12128.0,12128.0,205846
2025-06-05,11996.1611328125,12126.0,12257.0,12016.0,12200.0,319783
2025-06-06,12328.5634765625,12462.0,12535.0,12100.0,12139.0,456129
2025-06-09,12501.689453125,12637.0,12660.0,12466.0,12505.0,323443
2025-06-10,12385.9423828125,12520.0,12744.0,12461.0,12660.0,325292
2025-06-11,12318.669921875,12452.0,12560.0,12427.0,12470.0,306061
2025-06-12,12257.333984375,12390.0,12490.0,12307.0,12459.0,347339
2025-06-13,12275.1416015625,12408.0,12425.0,12176.0,12200.0,385493
2025-06-16,12395.8349609375,12530.0,12567.0,12336.0,12404.0,184242
2025-06-17,12460.138671875,12595.0,12615.0,12470.0,12529.0,226597
2025-06-18,12611.5009765625,12748.0,12880.0,12550.0,12620.0,467738
2025-06-19,12668.8798828125,12806.0,12825.0,12714.0,12750.0,339117
2025-06-20,12654.0400390625,12791.0,12890.0,12728.0,12809.0,652128
2025-06-23,12563.025390625,12699.0,12786.0,12666.0,12771.0,192037
2025-06-24,12475.9677734375,12611.0,12855.0,12553.0,12830.0,332717
2025-06-25,12630.2978515625,12767.0,12807.0,12617.0,12684.0,316536
2025-06-26,12578.8544921875,12715.0,12848.0,12689.0,12780.0,354735
2025-06-27,12506.6357421875,12642.0,12799.0,12621.0,12750.0,346403
2025-06-30,12267.2265625,12400.0,12675.0,12332.0,12667.0,448956
2025-07-01,12308.77734375,12442.0,12459.0,12320.0,12450.0,283481
2025-07-02,12486.849609375,12622.0,12643.0,12359.0,12380.0,609735
2025-07-03,12615.4580078125,12752.0,12820.0,12590.0,12630.0,606221
2025-07-04,12510.5927734375,12646.0,12748.0,12608.0,12715.0,225607
2025-07-07,12385.9423828125,12520.0,12670.0,12471.0,12647.0,220116
2025-07-08,12281.0771484375,12414.0,12555.0,12359.0,12525.0,241050
2025-07-09,12336.4775390625,12470.0,12540.0,12430.0,12435.0,174203
2025-07-10,12514.5498046875,12650.0,12670.0,12401.0,12500.0,277325
2025-07-11,12439.3642578125,12574.0,12685.0,12521.0,12640.0,194420
2025-07-14,12380.0068359375,12514.0,12616.0,12431.0,12590.0,246737
2025-07-15,12401.7705078125,12536.0,12598.0,12481.0,12481.0,147377
2025-07-16,12429.470703125,12564.0,12571.0,12439.0,12536.0,204480
2025-07-17,12342.4130859375,12476.0,12627.0,12463.0,12569.0,189207
2025-07-18,12286.0234375,12419.0,12527.0,12370.0,12525.0,124068
2025-07-21,12272.173828125,12405.0,12478.0,12342.0,12431.0,232066
2025-07-22,12358.2421875,12492.0,12530.0,12319.0,12449.0,169006
2025-07-23,12491.796875,12627.0,12719.0,12540.0,12540.0,342005
2025-07-24,12422.5458984375,12557.0,12661.0,12519.0,12648.0,157163
2025-07-25,12271.1845703125,12404.0,12557.0,12357.0,12545.0,260700
2025-07-28,12207.869140625,12340.0,12535.0,12302.0,12371.0,292879
2025-07-29,12335.48828125,12469.0,12507.0,12268.0,12340.0,285115
2025-07-30,12482.892578125,12618.0,12643.0,12420.0,12431.0,203847
2025-07-31,12473.0,12608.0,12760.0,12464.0,12506.0,709783
2025-08-01,12302.0,12302.0,12779.0,12273.0,12521.0,346024
2025-08-04,12365.0,12365.0,12425.0,12225.0,12326.0,255693
2025-08-05,12537.0,12537.0,12577.0,12370.0,12400.0,233560
2025-08-06,12524.0,12524.0,12619.0,12483.0,12570.0,151608
2025-08-07,12632.0,12632.0,12654.0,12429.0,12525.0,173393
2025-08-08,12590.0,12590.0,12725.0,12564.0,12630.0,247048
2025-08-11,12597.0,12597.0,12734.0,12482.0,12585.0,187230
2025-08-12,12840.0,12840.0,12959.0,12606.0,12620.0,504476
2025-08-13,12834.0,12834.0,12925.0,12752.0,12840.0,252065
2025-08-14,12936.0,12936.0,12956.0,12825.0,12864.0,318580
2025-08-18,14068.0,14068.0,14125.0,13664.0,13703.0,2154781
2025-08-19,14250.0,14250.0,14270.0,13979.0,14070.0,906623
2025-08-20,14221.0,14221.0,14362.0,14200.0,14362.0,391425
2025-08-21,14280.0,14280.0,14401.0,14156.0,14219.0,513460
2025-08-22,14349.0,14349.0,14370.0,14230.0,14349.0,458935
2025-08-25,14452.0,14452.0,14478.0,14280.0,14401.0,357110
2025-08-26,14714.0,14714.0,14825.0,14391.0,14452.0,962974
2025-08-28,14752.0,14752.0,14895.0,14625.0,14895.0,666635
2025-08-29,14791.0,14791.0,14850.0,14692.0,14750.0,621560
2025-09-01,14887.0,14887.0,14938.0,14654.0,14790.0,572927
2025-09-02,14842.0,14842.0,14934.0,14783.0,14859.0,379167
2025-09-03,14927.0,14927.0,14991.0,14750.0,14875.0,561656
2025-09-04,14662.0,14662.0,15240.0,14630.0,15240.0,784369
2025-09-05,14895.0,14895.0,14957.0,14701.0,14740.0,473806
2025-09-08,15258.0,15258.0,15319.0,14850.0,14921.0,691077
2025-09-09,15365.0,15365.0,15384.0,15201.0,15249.0,605860
2025-09-10,15108.0,15108.0,15384.0,15072.0,15366.0,489062
2025-09-11,15095.0,15095.0,15191.0,15038.0,15111.0,657161
2025-09-12,15325.0,15325.0,15373.0,15153.0,15160.0,420101
2025-09-15,15265.0,15265.0,15378.0,15249.0,15350.0,170587
2025-09-16,15573.0,15573.0,15594.0,15284.0,15300.0,381944
2025-09-17,15801.0,15801.0,15818.0,15570.0,15592.0,624986
2025-09-18,15817.0,15817.0,15939.0,15703.0,15916.0,642175
2025-09-19,15864.0,15864.0,16060.0,15811.0,16000.0,652443
2025-09-22,15816.0,15816.0,16000.0,15779.0,15879.0,302234
2025-09-23,16097.0,16097.0,16325.0,16031.0,16120.0,873114
2025-09-24,16249.0,16249.0,16375.0,16063.0,16188.0,663647
2025-09-25,16269.0,16269.0,16370.0,16067.0,16249.0,490262
2025-09-26,16286.0,16286.0,16435.0,16202.0,16235.0,490957
2025-09-29,15984.0,15984.0,16340.0,15950.0,16300.0,627326
2025-09-30,16029.0,16029.0,16054.0,15921.0,15985.0,390006
2025-10-01,15965.0,15965.0,16109.0,15850.0,16026.0,426075
2025-10-03,15806.0,15806.0,16025.0,15736.0,15949.0,470216
2025-10-06,15998.0,15998.0,16057.0,15708.0,15840.0,268497
2025-10-07,16108.0,16108.0,16159.0,15977.0,16014.0,330326
2025-10-08,16012.0,16012.0,16236.0,15979.0,16108.0,306518
2025-10-09,15985.0,15985.0,16075.0,15853.0,16070.0,300499
2025-10-10,16265.0,16265.0,16315.0,15911.0,15980.0,423031
2025-10-13,16323.0,16323.0,16432.0,16218.0,16264.0,337617
2025-10-14,16261.0,16261.0,16350.0,16121.0,16350.0,307925
2025-10-15,16212.0,16212.0,16380.0,16200.0,16300.0,266435
2025-10-16,16298.0,16298.0,16332.0,16200.0,16246.0,265727
2025-10-17,16401.0,16401.0,16549.0,16298.0,16298.0,411608
2025-10-20,16424.0,16424.0,16518.0,16380.0,16500.0,374246
2025-10-21,16396.0,16396.0,16476.0,16330.0,16453.0,28990
2025-10-23,16393.0,16393.0,16660.0,16340.0,16660.0,481753
2025-10-24,16274.0,16274.0,16423.0,16200.0,16392.0,208520
2025-10-27,16388.0,16388.0,16410.0,16275.0,16350.0,209829
2025-10-28,16311.0,16311.0,16495.0,16261.0,16399.0,383383
2025-10-29,16138.0,16138.0,16428.0,16046.0,16360.0,232815
2025-10-30,16206.0,16206.0,16275.0,16077.0,16190.0,230383
2025-10-31,16186.0,16186.0,16516.0,15949.0,16204.0,719402
2025-11-03,15651.0,15651.0,16100.0,15530.0,16016.0,942850
2025-11-04,15374.0,15374.0,15633.0,15355.0,15607.0,748848
2025-11-06,15452.0,15452.0,15534.0,15309.0,15534.0,429800
2025-11-07,15479.0,15479.0,15499.0,15260.0,15459.0,227247
2025-11-10,15583.0,15583.0,15647.0,15380.0,15380.0,274191
2025-11-11,15645.0,15645.0,15680.0,15512.0,15640.0,181524
2025-11-12,15696.0,15696.0,15731.0,15555.0,15674.0,244015
2025-11-13,15749.0,15749.0,15800.0,15660.0,15661.0,250711
2025-11-14,15684.0,15684.0,15735.0,15572.0,15725.0,253698
2025-11-17,15878.0,15878.0,15892.0,15655.0,15689.0,301069
2025-11-18,15930.0,15930.0,15999.0,15750.0,15878.0,392903
2025-11-19,15768.0,15768.0,15950.0,15715.0,15950.0,286434
2025-11-20,15801.0,15801.0,15823.0,15618.0,15810.0,249492
2025-11-21,15977.0,15977.0,16150.0,15737.0,15790.0,586351
2025-11-24,15958.0,15958.0,16085.0,15911.0,16005.0,525788
2025-11-25,15889.0,15889.0,16050.0,15842.0,15958.0,214525
2025-11-26,16156.0,16156.0,16210.0,15950.0,15950.0,314946
2025-11-27,15903.0,15903.0,16171.0,15875.0,16166.0,339986
2025-11-28,15900.0,15900.0,16049.0,15850.0,15906.0,352340
2025-12-01,16097.0,16097.0,16177.0,15851.0,15975.0,434052
2025-12-02,16239.0,16239.0,16261.0,16095.0,16127.0,383165
2025-12-03,16082.0,16082.0,16248.0,16010.0,16219.0,264397
2025-12-04,15994.0,15994.0,16135.0,15887.0,16058.0,248812
2025-12-05,16282.0,16282.0,16338.0,15979.0,16000.0,332032
2025-12-08,16187.0,16187.0,16256.0,16094.0,16200.0,220513
2025-12-09,16020.0,16020.0,16226.0,15985.0,16051.0,276388
2025-12-10,16019.0,16019.0,16125.0,15925.0,16090.0,293374
2025-12-11,16248.0,16248.0,16296.0,15983.0,16049.0,268701
2025-12-12,16522.0,16522.0,16536.0,16247.0,16248.0,404711
2025-12-15,16415.0,16415.0,16500.0,16360.0,16500.0,225221
2025-12-16,16354.0,16354.0,16451.0,16320.0,16400.0,156134
2025-12-17,16398.0,16398.0,16490.0,16357.0,16389.0,257406
2025-12-18,16329.0,16329.0,16486.0,16221.0,16440.0,213981
2025-12-19,16414.0,16414.0,16475.0,16329.0,16329.0,360190
2025-12-22,16649.0,16649.0,16693.0,16414.0,16464.0,271590
2025-12-23,16585.0,16585.0,16720.0,16558.0,16709.0,215650
2025-12-24,16703.0,16703.0,16720.0,16542.0,16640.0,258486
2025-12-26,16596.0,16596.0,16703.0,16516.0,16703.0,212925
2025-12-29,16542.0,16542.0,16682.0,16499.0,16600.0,251796
2025-12-30,16647.0,16647.0,16818.0,16482.0,16575.0,1055843
2025-12-31,16697.0,16697.0,16776.0,16581.0,16581.0,314427
2026-01-01,16708.0,16708.0,16798.0,16602.0,16700.0,171293
2026-01-02,16960.0,16960.0,16999.0,16723.0,16750.0,388562
2026-01-05,17155.0,17155.0,17370.0,16980.0,17025.0,305668
2026-01-06,17292.0,17292.0,17306.0,17142.0,17170.0,192182
2026-01-07,16809.0,16809.0,17249.0,16524.0,17230.0,427979
2026-01-08,16664.0,16664.0,16808.0,16541.0,16808.0,238421
2026-01-09,16501.0,16501.0,16704.0,16417.0,16663.0,286302
2026-01-12,16582.0,16582.0,16615.0,16271.0,16456.0,288686
2026-01-13,16426.0,16426.0,16726.0,16293.0,16662.0,312205
2026-01-14,16152.0,16152.0,16412.0,16090.0,16390.0,240043
2026-01-15,16152.0,16152.0,16152.0,16152.0,16152.0,0
2026-01-16,15859.0,15859.0,16197.0,15770.0,16000.0,703056
2026-01-19,16176.0,16176.0,16242.0,15813.0,15859.0,385141
2026-01-20,15879.0,15879.0,16233.0,15850.0,16200.0,289609
2026-01-21,15770.0,15770.0,15973.0,15675.0,15675.0,345738
2026-01-22,15765.0,15765.0,15971.0,15714.0,15950.0,352320
2026-01-23,15469.0,15469.0,15846.0,15439.0,15819.0,338669
2026-01-27,15245.0,15245.0,15387.0,15013.0,15300.0,565768
2026-01-28,14877.0,14877.0,15294.0,14431.0,15161.0,1584483
2026-01-29,14502.0,14502.0,14870.0,14353.0,14870.0,716545
2026-01-30,14599.0,14599.0,14679.0,14300.0,14502.0,946509
2026-02-02,14384.0,14384.0,14446.0,14058.0,14251.0,621514
2026-02-03,14782.0,14782.0,15281.0,14482.0,15200.0,638870
2026-02-04,15071.0,15071.0,15170.0,14723.0,14800.0,451065
2026-02-05,15059.0,15059.0,15150.0,14900.0,15090.0,374759
2026-02-06,14997.0,14997.0,15118.0,14871.0,15084.0,276529
2026-02-09,14978.0,14978.0,15126.0,14905.0,15125.0,200034
2026-02-10,15146.0,15146.0,15349.0,14983.0,14999.0,360240
2026-02-11,15412.0,15412.0,15432.0,15174.0,15180.0,360742
2026-02-12,15326.0,15326.0,15459.0,15265.0,15459.0,201895
2026-02-13,15237.0,15237.0,15434.0,15190.0,15309.0,208645
2026-02-16,15051.0,15051.0,15299.0,14960.0,15237.0,210175
2026-02-17,15179.0,15179.0,15211.0,14960.0,15031.0,166765
2026-02-18,15164.0,15164.0,15239.0,15074.0,15208.0,280772
2026-02-19,14903.0,14903.0,15279.0,14853.0,15163.0,152788
2026-02-20,14977.0,14977.0,15077.0,14848.0,14903.0,515847
2026-02-23,15072.0,15072.0,15118.0,14984.0,15050.0,242968
2026-02-24,14926.0,14926.0,15062.0,14904.0,15001.0,300991
2026-02-25,15070.0,15070.0,15133.0,14837.0,14860.0,356495
2026-02-26,15213.0,15213.0,15224.0,15046.0,15145.0,308213
2026-02-27,14857.0,14857.0,15192.0,14804.0,15110.0,478164
2026-03-02,14388.0,14388.0,14684.0,14204.0,14407.0,603744
2026-03-04,14158.0,14158.0,14184.0,13794.0,14150.0,710366
2026-03-05,14415.0,14415.0,14570.0,14081.0,14300.0,448650
2026-03-06,14159.0,14159.0,14466.0,14115.0,14339.0,390629
2026-03-09,13508.0,13508.0,13800.0,13365.0,13800.0,676224
2026-03-10,13867.0,13867.0,13909.0,13505.0,13721.0,353715
2026-03-11,13497.0,13497.0,13948.0,13441.0,13850.0,392182
2026-03-12,13011.0,13011.0,13430.0,12966.0,13430.0,544683
2026-03-13,12591.0,12591.0,12962.0,12483.0,12899.0,939594
2026-03-16,12757.0,12757.0,12874.0,12400.0,12532.0,1416170
2026-03-17,12972.0,12972.0,13100.0,12686.0,12790.0,1178941
2026-03-18,13048.0,13048.0,13176.0,13015.0,13100.0,458827
2026-03-19,12599.0,12599.0,12838.0,12505.0,12768.0,569346
2026-03-20,12601.0,12601.0,12756.0,12556.0,12605.0,725481
2026-03-23,12355.0,12355.0,12501.0,12278.0,12501.0,517985
2026-03-24,12464.0,12464.0,12650.0,12332.0,12600.0,583568
2026-03-25,12711.0,12711.0,12780.0,12506.0,12549.0,540649
2026-03-27,12389.0,12389.0,12646.0,12342.0,12626.0,775339
2026-03-30,12306.0,12306.0,12424.0,12201.0,12300.0,635675
2026-04-01,12509.0,12509.0,12900.0,12333.0,12900.0,501882
2026-04-02,12631.0,12631.0,12673.0,12239.0,12389.0,438227
2026-04-06,12688.0,12688.0,12720.0,12420.0,12631.0,382650
2026-04-07,12798.0,12798.0,12835.0,12496.0,12640.0,359542
2026-04-08,13602.0,13602.0,13745.0,13210.0,13350.0,1026292
2026-04-09,13589.0,13589.0,13773.0,13330.0,13570.0,549914
2026-04-10,13709.0,13709.0,13797.0,13590.0,13650.0,471921
2026-04-13,13076.0,13076.0,13420.0,12966.0,13402.0,1347910
2026-04-15,13289.0,13289.0,13473.0,13200.0,13250.0,699458
2026-04-16,13335.0,13335.0,13435.0,13237.0,13380.0,527309
2026-04-17,13453.0,13453.0,13647.0,13256.0,13300.0,549308
2026-04-20,13450.0,13450.0,13533.0,13329.0,13474.0,348629
2026-04-21,13461.0,13461.0,13543.0,13421.0,13456.0,292879
2026-04-22,13337.0,13337.0,13530.0,13300.0,13452.0,434640
2026-04-23,13160.0,13160.0,13358.0,13125.0,13250.0,541086
2026-04-24,13048.0,13048.0,13253.0,12978.0,13200.0,464098
2026-04-27,13222.0,13222.0,13270.0,13043.0,13153.0,312786
2026-04-28,12892.0,12892.0,13307.0,12828.0,13222.0,836679
2026-04-29,13257.0,13257.0,13548.0,13090.0,13090.0,754798
2026-04-30,13314.0,13314.0,13360.0,12970.0,13134.0,612975
2026-05-01,13314.0,13314.0,13314.0,13314.0,13314.0,0
2026-05-04,13580.0,13580.0,13976.0,13435.0,13559.0,722127
2026-05-05,13426.0,13426.0,13568.0,13360.0,13560.0,419490
2026-05-06,13722.0,13722.0,13762.0,13379.0,13555.0,435208
2026-05-07,13770.0,13770.0,13870.0,13672.0,13722.0,726199
2026-05-08,13726.0,13726.0,13789.0,13626.0,13672.0,270505
2026-05-11,13483.0,13483.0,13657.0,13231.0,13547.0,634354
2026-05-12,13172.0,13172.0,13455.0,13150.0,13442.0,302512
2026-05-13,13103.0,13103.0,13285.0,12986.0,13187.0,307027
2026-05-14,13075.0,13075.0,13234.0,12926.0,13234.0,286648
2026-05-15,13221.0,13221.0,13325.0,13079.0,13079.0,268206
2026-05-18,13016.0,13016.0,13139.0,12850.0,13127.0,373184
2026-05-19,12956.0,12956.0,13104.0,12900.0,13034.0,342737
2026-05-20,13003.0,13003.0,13072.0,12753.0,12850.0,300695
2026-05-21,13010.0,13010.0,13150.0,12933.0,13103.0,213095
2026-05-22,12987.0,12987.0,13152.0,12974.0,13100.0,387975
2026-05-25,13170.0,13170.0,13236.0,13101.0,13145.0,276553
2026-05-26,13208.0,13208.0,13329.0,13134.0,13188.0,256901
2026-05-27,13364.0,13364.0,13417.0,13102.0,13208.0,322020
2026-05-28,13364.0,13364.0,13364.0,13364.0,13364.0,0
2026-05-29,13127.0,13127.0,13508.0,13050.0,13456.0,963291
2026-06-01,12946.0,12946.0,13267.0,12913.0,13200.0,295359
2026-06-02,13022.0,13022.0,13051.0,12700.0,12700.0,586599
2026-06-03,13044.0,13044.0,13206.0,12911.0,13014.0,607808
2026-06-04,13064.0,13064.0,13264.0,12949.0,12990.0,465070
2026-06-05,13050.0,13050.0,13175.0,12915.0,13151.0,295703
2026-06-08,12912.0,12912.0,13029.0,12841.0,12900.0,372902
2026-06-09,13120.0,13120.0,13157.0,12851.0,13079.0,428323
2026-06-10,13073.0,13073.0,13205.0,13050.0,13118.0,203885
2026-06-11,13098.0,13098.0,13217.0,12968.0,13070.0,308710
2026-06-12,13366.0,13366.0,13418.0,13130.0,13232.0,559038
2026-06-15,13805.0,13805.0,13961.0,13520.0,13550.0,613280
2026-06-16,13691.0,13691.0,13874.0,13661.0,13861.0,280511
2026-06-17,13630.0,13630.0,13740.0,13560.0,13700.0,241534
2026-06-18,13484.0,13484.0,13714.0,13433.0,13646.0,373512
2026-06-19,13395.0,13395.0,13507.0,13353.0,13484.0,719756
2026-06-22,13421.0,13421.0,13495.0,13380.0,13450.0,254533
2026-06-23,13451.0,13451.0,13549.0,13236.0,13420.0,398558
2026-06-24,13248.0,13248.0,13440.0,13201.0,13440.0,327495
2026-06-25,13745.0,13745.0,13917.0,13326.0,13358.0,981556
2026-06-26,13745.0,13745.0,13745.0,13745.0,13745.0,0
2026-06-29,13412.0,13412.0,13840.0,13371.0,13740.0,1358592
2026-06-30,14115.0,14115.0,14201.0,13510.0,13744.0,1511415
2026-07-01,14395.0,14395.0,14549.0,14070.0,14151.0,1397790
2026-07-02,14348.0,14348.0,14490.0,14275.0,14431.0,327088
2026-07-03,14366.0,14366.0,14520.0,14333.0,14450.0,384188
2026-07-06,14456.0,14456.0,14526.0,14291.0,14348.0,214686
2026-07-07,14538.0,14538.0,14598.0,14414.0,14463.0,524759
2026-07-08,13951.0,13951.0,14500.0,13880.0,14475.0,481076
2026-07-09,13728.0,13728.0,14037.0,13700.0,14000.0,576451
2026-07-10,13854.0,13854.0,13987.0,13776.0,13800.0,430154
2026-07-13,13695.0,13695.0,13841.0,13536.0,13682.0,458633
2026-07-14,13489.0,13489.0,13690.0,13470.0,13619.0,368645
2026-07-15,13583.0,13583.0,13606.0,13435.0,13503.0,456369
2026-07-16,13783.0,13783.0,13845.0,13584.0,13605.0,356847
2026-07-17,13803.0,13803.0,13885.0,13700.0,13750.0,237330
2026-07-20,13514.0,13514.0,13832.0,13377.0,13824.0,517730
2026-07-21,13597.0,13597.0,13655.0,13348.0,13520.0,341101
2026-07-22,13545.0,13545.0,13719.0,13491.0,13596.0,299404
2026-07-23,13403.0,13403.0,13568.0,13372.0,13541.0,327912
2026-07-24,13442.0,13442.0,13495.0,13197.0,13340.0,223369
2026-07-27,13730.0,13730.0,13760.0,13501.0,13579.0,333477
2026-07-28,13802.0,13802.0,13848.0,13669.0,13729.0,481068
2026-07-29,13948.0,13948.0,13980.0,13720.0,13780.0,515674
2026-07-30,14188.0,14188.0,14250.0,13825.0,13939.0,626000
2026-07-31,14234.0,14234.0,14348.0,14124.0,14250.0,535417
